--
-- Script was generated by Devart dbForge Studio 2022 for MySQL, Version 9.1.21.0
-- Product home page: http://www.devart.com/dbforge/mysql/studio
-- Script date 12.08.2024 21:44:36
-- Server version: 10.4.32
-- Client version: 4.1
--

-- 
-- Disable foreign keys
-- 
/*!40014 SET @OLD_FOREIGN_KEY_CHECKS=@@FOREIGN_KEY_CHECKS, FOREIGN_KEY_CHECKS=0 */;

-- 
-- Set SQL mode
-- 
/*!40101 SET @OLD_SQL_MODE=@@SQL_MODE, SQL_MODE='NO_AUTO_VALUE_ON_ZERO' */;

-- 
-- Set character set the client will use to send SQL statements to the server
--
SET NAMES 'utf8';

--
-- Set default database
--
USE supsurf;

--
-- Drop table `users`
--
DROP TABLE IF EXISTS users;

--
-- Drop table `registration`
--
DROP TABLE IF EXISTS registration;

--
-- Drop event `update_status_if_date_passed`
--
DROP EVENT IF EXISTS update_status_if_date_passed;

--
-- Drop table `bookings`
--
DROP TABLE IF EXISTS bookings;

--
-- Drop table `employees_responsible_for_promotions`
--
DROP TABLE IF EXISTS employees_responsible_for_promotions;

--
-- Drop table `promotions`
--
DROP TABLE IF EXISTS promotions;

--
-- Drop table `instructors_types`
--
DROP TABLE IF EXISTS instructors_types;

--
-- Drop table `reviews`
--
DROP TABLE IF EXISTS reviews;

--
-- Drop table `types`
--
DROP TABLE IF EXISTS types;

--
-- Drop table `instructors`
--
DROP TABLE IF EXISTS instructors;

--
-- Drop table `employees`
--
DROP TABLE IF EXISTS employees;

--
-- Set default database
--
USE supsurf;

--
-- Create table `employees`
--
CREATE TABLE employees (
  id int(11) NOT NULL AUTO_INCREMENT,
  name varchar(255) NOT NULL,
  position varchar(255) NOT NULL DEFAULT 'Инструктор',
  hire_date date NOT NULL DEFAULT current_timestamp,
  PRIMARY KEY (id)
)
ENGINE = INNODB,
AUTO_INCREMENT = 6,
AVG_ROW_LENGTH = 16384,
CHARACTER SET utf8mb4,
COLLATE utf8mb4_general_ci;

--
-- Create table `instructors`
--
CREATE TABLE instructors (
  id int(11) NOT NULL AUTO_INCREMENT,
  name varchar(255) NOT NULL,
  start_date date NOT NULL,
  PRIMARY KEY (id)
)
ENGINE = INNODB,
AUTO_INCREMENT = 6,
AVG_ROW_LENGTH = 5461,
CHARACTER SET utf8mb4,
COLLATE utf8mb4_general_ci;

--
-- Create foreign key
--
ALTER TABLE instructors
ADD CONSTRAINT fk_employee_id FOREIGN KEY (id)
REFERENCES employees (id) ON DELETE CASCADE;

--
-- Create table `types`
--
CREATE TABLE types (
  idTypes int(11) NOT NULL AUTO_INCREMENT,
  service varchar(100) DEFAULT NULL,
  PRIMARY KEY (idTypes)
)
ENGINE = INNODB,
AUTO_INCREMENT = 5,
AVG_ROW_LENGTH = 4096,
CHARACTER SET utf8mb4,
COLLATE utf8mb4_general_ci;

--
-- Create table `reviews`
--
CREATE TABLE reviews (
  id int(11) NOT NULL AUTO_INCREMENT,
  instructorid int(11) NOT NULL,
  idTypes int(11) NOT NULL,
  rating int(11) NOT NULL,
  review text NOT NULL,
  created_at timestamp NOT NULL DEFAULT current_timestamp,
  ip_address varchar(60) NOT NULL,
  approval enum ('Одобрено', 'На рассмотрении', 'Отклонен') NOT NULL DEFAULT 'На рассмотрении',
  PRIMARY KEY (id)
)
ENGINE = INNODB,
AUTO_INCREMENT = 6,
AVG_ROW_LENGTH = 3276,
CHARACTER SET utf8mb4,
COLLATE utf8mb4_general_ci;

--
-- Create foreign key
--
ALTER TABLE reviews
ADD CONSTRAINT FK_reviews_instructorid FOREIGN KEY (instructorid)
REFERENCES instructors (id) ON DELETE NO ACTION;

--
-- Create foreign key
--
ALTER TABLE reviews
ADD CONSTRAINT reviews_ibfk_1 FOREIGN KEY (idTypes)
REFERENCES types (idTypes) ON DELETE CASCADE;

--
-- Create table `instructors_types`
--
CREATE TABLE instructors_types (
  idInstructor int(11) NOT NULL,
  idTypes int(11) NOT NULL,
  PRIMARY KEY (idInstructor, idTypes)
)
ENGINE = INNODB,
AVG_ROW_LENGTH = 5461,
CHARACTER SET utf8mb4,
COLLATE utf8mb4_general_ci;

--
-- Create foreign key
--
ALTER TABLE instructors_types
ADD CONSTRAINT instructors_types_ibfk_1 FOREIGN KEY (idInstructor)
REFERENCES employees (id) ON DELETE CASCADE;

--
-- Create foreign key
--
ALTER TABLE instructors_types
ADD CONSTRAINT instructors_types_ibfk_2 FOREIGN KEY (idTypes)
REFERENCES types (idTypes) ON DELETE CASCADE;

--
-- Create table `promotions`
--
CREATE TABLE promotions (
  id int(11) NOT NULL AUTO_INCREMENT,
  name varchar(255) NOT NULL,
  start_date date NOT NULL,
  end_date date NOT NULL,
  description text DEFAULT NULL,
  PRIMARY KEY (id)
)
ENGINE = INNODB,
AUTO_INCREMENT = 4,
AVG_ROW_LENGTH = 8192,
CHARACTER SET utf8mb4,
COLLATE utf8mb4_general_ci;

--
-- Create table `employees_responsible_for_promotions`
--
CREATE TABLE employees_responsible_for_promotions (
  promotion_id int(11) NOT NULL,
  employee_id int(11) NOT NULL,
  PRIMARY KEY (promotion_id, employee_id)
)
ENGINE = INNODB,
AVG_ROW_LENGTH = 8192,
CHARACTER SET utf8mb4,
COLLATE utf8mb4_general_ci;

--
-- Create foreign key
--
ALTER TABLE employees_responsible_for_promotions
ADD CONSTRAINT employees_responsible_for_promotions_ibfk_1 FOREIGN KEY (promotion_id)
REFERENCES promotions (id) ON DELETE CASCADE;

--
-- Create foreign key
--
ALTER TABLE employees_responsible_for_promotions
ADD CONSTRAINT employees_responsible_for_promotions_ibfk_2 FOREIGN KEY (employee_id)
REFERENCES employees (id) ON DELETE CASCADE;

--
-- Create table `bookings`
--
CREATE TABLE bookings (
  id int(11) NOT NULL AUTO_INCREMENT,
  idTypes int(11) NOT NULL,
  date datetime NOT NULL,
  endTime datetime NOT NULL,
  status varchar(50) NOT NULL DEFAULT 'Available',
  created_at timestamp NOT NULL DEFAULT current_timestamp,
  updated_at timestamp NOT NULL DEFAULT current_timestamp ON UPDATE CURRENT_TIMESTAMP,
  PRIMARY KEY (id)
)
ENGINE = INNODB,
AUTO_INCREMENT = 809,
AVG_ROW_LENGTH = 2730,
CHARACTER SET utf8mb4,
COLLATE utf8mb4_general_ci;

--
-- Create index `FK_bookings_idTypes` on table `bookings`
--
ALTER TABLE bookings
ADD INDEX FK_bookings_idTypes (idTypes);

DELIMITER $$

--
-- Create event `update_status_if_date_passed`
--
CREATE 
	DEFINER = 'root'@'localhost'
EVENT update_status_if_date_passed
	ON SCHEDULE EVERY '1' HOUR
	STARTS '2024-05-01 00:00:00'
	DO 
UPDATE supsurf.bookings
    SET status = 'Reserved'
    WHERE date < CURRENT_DATE()
$$

ALTER 
	DEFINER = 'root'@'localhost'
EVENT update_status_if_date_passed
	ENABLE
$$

DELIMITER ;

--
-- Create table `registration`
--
CREATE TABLE registration (
  id int(11) NOT NULL AUTO_INCREMENT,
  status varchar(50) NOT NULL,
  name varchar(50) NOT NULL,
  phone varchar(255) NOT NULL,
  notes varchar(255) NOT NULL,
  booking_id int(11) NOT NULL,
  created_at timestamp NOT NULL DEFAULT current_timestamp,
  PRIMARY KEY (id)
)
ENGINE = INNODB,
AUTO_INCREMENT = 7,
CHARACTER SET utf8mb4,
COLLATE utf8mb4_general_ci;

--
-- Create foreign key
--
ALTER TABLE registration
ADD CONSTRAINT FK_registration_booking_id FOREIGN KEY (booking_id)
REFERENCES bookings (id) ON DELETE CASCADE;

--
-- Create table `users`
--
CREATE TABLE users (
  id int(11) NOT NULL AUTO_INCREMENT,
  username varchar(50) NOT NULL,
  password varchar(255) DEFAULT NULL,
  created_at timestamp NOT NULL DEFAULT current_timestamp,
  PRIMARY KEY (id)
)
ENGINE = INNODB,
AUTO_INCREMENT = 3,
AVG_ROW_LENGTH = 32768,
CHARACTER SET utf8mb4,
COLLATE utf8mb4_general_ci;

-- 
-- Dumping data for table employees
--
INSERT INTO employees VALUES
(1, 'Василий', 'Инструктор', '2024-06-03'),
(2, 'Дмитрий', 'Инструктор', '2024-05-23');

-- 
-- Dumping data for table instructors
--
INSERT INTO instructors VALUES
(1, 'Василий', '2024-05-01'),
(2, 'Дмитрий', '0000-00-00');

-- 
-- Dumping data for table bookings
--
INSERT INTO bookings VALUES
(1, 1, '2024-05-01 09:00:00', '2024-05-01 12:00:00', 'Reserved', '2024-05-05 00:14:56', '2024-05-12 21:36:50'),
(2, 2, '2024-05-01 09:00:00', '2024-05-01 12:00:00', 'Reserved', '2024-05-05 00:14:56', '2024-05-12 21:36:50'),
(3, 1, '2024-05-01 12:00:00', '2024-05-01 16:00:00', 'Reserved', '2024-05-05 00:14:56', '2024-05-12 21:36:50'),
(4, 2, '2024-05-01 12:00:00', '2024-05-01 16:00:00', 'Reserved', '2024-05-05 00:14:56', '2024-05-12 21:36:50'),
(5, 1, '2024-05-01 16:00:00', '2024-05-01 18:00:00', 'Reserved', '2024-05-05 00:14:56', '2024-05-12 21:36:50'),
(6, 2, '2024-05-01 16:00:00', '2024-05-01 18:00:00', 'Reserved', '2024-05-05 00:14:56', '2024-05-12 21:36:50'),
(7, 1, '2024-05-02 09:00:00', '2024-05-02 12:00:00', 'Reserved', '2024-05-05 00:14:56', '2024-05-12 21:36:50'),
(8, 2, '2024-05-02 09:00:00', '2024-05-02 12:00:00', 'Reserved', '2024-05-05 00:14:56', '2024-05-12 21:36:50'),
(9, 1, '2024-05-02 12:00:00', '2024-05-02 16:00:00', 'Reserved', '2024-05-05 00:14:56', '2024-05-12 21:36:50'),
(10, 2, '2024-05-02 12:00:00', '2024-05-02 16:00:00', 'Reserved', '2024-05-05 00:14:56', '2024-05-12 21:36:50'),
(11, 1, '2024-05-02 16:00:00', '2024-05-02 18:00:00', 'Reserved', '2024-05-05 00:14:56', '2024-05-12 21:36:50'),
(12, 2, '2024-05-02 16:00:00', '2024-05-02 18:00:00', 'Reserved', '2024-05-05 00:14:56', '2024-05-12 21:36:50'),
(13, 1, '2024-05-03 09:00:00', '2024-05-03 12:00:00', 'Reserved', '2024-05-05 00:14:56', '2024-05-12 21:36:50'),
(14, 2, '2024-05-03 09:00:00', '2024-05-03 12:00:00', 'Reserved', '2024-05-05 00:14:56', '2024-05-12 21:36:50'),
(15, 1, '2024-05-03 12:00:00', '2024-05-03 16:00:00', 'Reserved', '2024-05-05 00:14:56', '2024-05-12 21:36:50'),
(16, 2, '2024-05-03 12:00:00', '2024-05-03 16:00:00', 'Reserved', '2024-05-05 00:14:56', '2024-05-12 21:36:50'),
(17, 1, '2024-05-03 16:00:00', '2024-05-03 18:00:00', 'Reserved', '2024-05-05 00:14:56', '2024-05-12 21:36:50'),
(18, 2, '2024-05-03 16:00:00', '2024-05-03 18:00:00', 'Reserved', '2024-05-05 00:14:56', '2024-05-12 21:36:50'),
(19, 1, '2024-05-04 09:00:00', '2024-05-04 12:00:00', 'Reserved', '2024-05-05 00:14:56', '2024-05-12 21:36:50'),
(20, 2, '2024-05-04 09:00:00', '2024-05-04 12:00:00', 'Reserved', '2024-05-05 00:14:56', '2024-05-12 21:36:50'),
(21, 1, '2024-05-04 12:00:00', '2024-05-04 16:00:00', 'Reserved', '2024-05-05 00:14:56', '2024-05-12 21:36:50'),
(22, 2, '2024-05-04 12:00:00', '2024-05-04 16:00:00', 'Reserved', '2024-05-05 00:14:56', '2024-05-12 21:36:50'),
(23, 1, '2024-05-04 16:00:00', '2024-05-04 18:00:00', 'Reserved', '2024-05-05 00:14:56', '2024-05-12 21:36:50'),
(24, 2, '2024-05-04 16:00:00', '2024-05-04 18:00:00', 'Reserved', '2024-05-05 00:14:56', '2024-05-12 21:36:50'),
(25, 3, '2024-05-04 17:00:00', '2024-05-04 19:00:00', 'Reserved', '2024-05-05 00:14:56', '2024-05-12 21:36:50'),
(26, 4, '2024-05-04 09:00:00', '2024-05-04 12:00:00', 'Reserved', '2024-05-05 00:14:56', '2024-05-12 21:36:50'),
(27, 1, '2024-05-05 09:00:00', '2024-05-05 12:00:00', 'Reserved', '2024-05-05 00:14:56', '2024-05-12 21:36:50'),
(28, 2, '2024-05-05 09:00:00', '2024-05-05 12:00:00', 'Reserved', '2024-05-05 00:14:56', '2024-05-12 21:36:50'),
(29, 1, '2024-05-05 12:00:00', '2024-05-05 16:00:00', 'Reserved', '2024-05-05 00:14:56', '2024-05-12 21:36:50'),
(30, 2, '2024-05-05 12:00:00', '2024-05-05 16:00:00', 'Reserved', '2024-05-05 00:14:56', '2024-05-12 21:36:50'),
(31, 1, '2024-05-05 16:00:00', '2024-05-05 18:00:00', 'Reserved', '2024-05-05 00:14:56', '2024-05-12 21:36:50'),
(32, 2, '2024-05-05 16:00:00', '2024-05-05 18:00:00', 'Reserved', '2024-05-05 00:14:56', '2024-05-12 21:36:50'),
(33, 3, '2024-05-05 17:00:00', '2024-05-05 19:00:00', 'Reserved', '2024-05-05 00:14:56', '2024-05-12 21:36:50'),
(34, 4, '2024-05-05 09:00:00', '2024-05-05 12:00:00', 'Reserved', '2024-05-05 00:14:56', '2024-05-12 21:36:50'),
(35, 1, '2024-05-06 09:00:00', '2024-05-06 12:00:00', 'Reserved', '2024-05-05 00:14:56', '2024-05-12 21:36:50'),
(36, 2, '2024-05-06 09:00:00', '2024-05-06 12:00:00', 'Reserved', '2024-05-05 00:14:56', '2024-05-12 21:36:50'),
(37, 1, '2024-05-06 12:00:00', '2024-05-06 16:00:00', 'Reserved', '2024-05-05 00:14:56', '2024-05-12 21:36:50'),
(38, 2, '2024-05-06 12:00:00', '2024-05-06 16:00:00', 'Reserved', '2024-05-05 00:14:56', '2024-05-12 21:36:50'),
(39, 1, '2024-05-06 16:00:00', '2024-05-06 18:00:00', 'Reserved', '2024-05-05 00:14:56', '2024-05-12 21:36:50'),
(40, 2, '2024-05-06 16:00:00', '2024-05-06 18:00:00', 'Reserved', '2024-05-05 00:14:56', '2024-05-12 21:36:50'),
(41, 1, '2024-05-07 09:00:00', '2024-05-07 12:00:00', 'Reserved', '2024-05-05 00:14:56', '2024-05-12 21:36:50'),
(42, 2, '2024-05-07 09:00:00', '2024-05-07 12:00:00', 'Reserved', '2024-05-05 00:14:56', '2024-05-12 21:36:50'),
(43, 1, '2024-05-07 12:00:00', '2024-05-07 16:00:00', 'Reserved', '2024-05-05 00:14:56', '2024-05-12 21:36:50'),
(44, 2, '2024-05-07 12:00:00', '2024-05-07 16:00:00', 'Reserved', '2024-05-05 00:14:56', '2024-05-12 21:36:50'),
(45, 1, '2024-05-07 16:00:00', '2024-05-07 18:00:00', 'Reserved', '2024-05-05 00:14:56', '2024-05-12 21:36:50'),
(46, 2, '2024-05-07 16:00:00', '2024-05-07 18:00:00', 'Reserved', '2024-05-05 00:14:56', '2024-05-12 21:36:50'),
(47, 1, '2024-05-08 09:00:00', '2024-05-08 12:00:00', 'Reserved', '2024-05-05 00:14:56', '2024-05-12 21:36:50'),
(48, 2, '2024-05-08 09:00:00', '2024-05-08 12:00:00', 'Reserved', '2024-05-05 00:14:56', '2024-05-12 21:36:50'),
(49, 1, '2024-05-08 12:00:00', '2024-05-08 16:00:00', 'Reserved', '2024-05-05 00:14:56', '2024-05-12 21:36:50'),
(50, 2, '2024-05-08 12:00:00', '2024-05-08 16:00:00', 'Reserved', '2024-05-05 00:14:56', '2024-05-12 21:36:50'),
(51, 1, '2024-05-08 16:00:00', '2024-05-08 18:00:00', 'Reserved', '2024-05-05 00:14:56', '2024-05-12 21:36:50'),
(52, 2, '2024-05-08 16:00:00', '2024-05-08 18:00:00', 'Reserved', '2024-05-05 00:14:56', '2024-05-12 21:36:50'),
(53, 1, '2024-05-09 09:00:00', '2024-05-09 12:00:00', 'Reserved', '2024-05-05 00:14:56', '2024-05-12 21:36:50'),
(54, 2, '2024-05-09 09:00:00', '2024-05-09 12:00:00', 'Reserved', '2024-05-05 00:14:56', '2024-05-12 21:36:50'),
(55, 1, '2024-05-09 12:00:00', '2024-05-09 16:00:00', 'Reserved', '2024-05-05 00:14:56', '2024-05-12 21:36:50'),
(56, 2, '2024-05-09 12:00:00', '2024-05-09 16:00:00', 'Reserved', '2024-05-05 00:14:56', '2024-05-12 21:36:50'),
(57, 1, '2024-05-09 16:00:00', '2024-05-09 18:00:00', 'Reserved', '2024-05-05 00:14:56', '2024-05-12 21:36:50'),
(58, 2, '2024-05-09 16:00:00', '2024-05-09 18:00:00', 'Reserved', '2024-05-05 00:14:56', '2024-05-12 21:36:50'),
(59, 1, '2024-05-10 09:00:00', '2024-05-10 12:00:00', 'Reserved', '2024-05-05 00:14:56', '2024-05-12 21:36:50'),
(60, 2, '2024-05-10 09:00:00', '2024-05-10 12:00:00', 'Reserved', '2024-05-05 00:14:56', '2024-05-12 21:36:50'),
(61, 1, '2024-05-10 12:00:00', '2024-05-10 16:00:00', 'Reserved', '2024-05-05 00:14:56', '2024-05-12 21:36:50'),
(62, 2, '2024-05-10 12:00:00', '2024-05-10 16:00:00', 'Reserved', '2024-05-05 00:14:56', '2024-05-12 21:36:50'),
(63, 1, '2024-05-10 16:00:00', '2024-05-10 18:00:00', 'Reserved', '2024-05-05 00:14:56', '2024-05-12 21:36:50'),
(64, 2, '2024-05-10 16:00:00', '2024-05-10 18:00:00', 'Reserved', '2024-05-05 00:14:56', '2024-05-12 21:36:50'),
(65, 1, '2024-05-11 09:00:00', '2024-05-11 12:00:00', 'Reserved', '2024-05-05 00:14:56', '2024-05-12 21:36:50'),
(66, 2, '2024-05-11 09:00:00', '2024-05-11 12:00:00', 'Reserved', '2024-05-05 00:14:56', '2024-05-12 21:36:50'),
(67, 1, '2024-05-11 12:00:00', '2024-05-11 16:00:00', 'Reserved', '2024-05-05 00:14:56', '2024-05-12 21:36:50'),
(68, 2, '2024-05-11 12:00:00', '2024-05-11 16:00:00', 'Reserved', '2024-05-05 00:14:56', '2024-05-12 21:36:50'),
(69, 1, '2024-05-11 16:00:00', '2024-05-11 18:00:00', 'Reserved', '2024-05-05 00:14:56', '2024-05-12 21:36:50'),
(70, 2, '2024-05-11 16:00:00', '2024-05-11 18:00:00', 'Reserved', '2024-05-05 00:14:56', '2024-05-12 21:36:50'),
(71, 3, '2024-05-11 17:00:00', '2024-05-11 19:00:00', 'Reserved', '2024-05-05 00:14:56', '2024-05-12 21:36:50'),
(72, 4, '2024-05-11 09:00:00', '2024-05-11 12:00:00', 'Reserved', '2024-05-05 00:14:56', '2024-05-12 21:36:50'),
(73, 1, '2024-05-12 09:00:00', '2024-05-12 12:00:00', 'Reserved', '2024-05-05 00:14:56', '2024-05-12 22:16:43'),
(74, 2, '2024-05-12 09:00:00', '2024-05-12 12:00:00', 'Reserved', '2024-05-05 00:14:56', '2024-05-19 21:00:00'),
(75, 1, '2024-05-12 12:00:00', '2024-05-12 16:00:00', 'Reserved', '2024-05-05 00:14:56', '2024-05-19 21:00:00'),
(76, 2, '2024-05-12 12:00:00', '2024-05-12 16:00:00', 'Reserved', '2024-05-05 00:14:56', '2024-05-19 21:00:00'),
(77, 1, '2024-05-12 16:00:00', '2024-05-12 18:00:00', 'Reserved', '2024-05-05 00:14:56', '2024-05-19 21:00:00'),
(78, 2, '2024-05-12 16:00:00', '2024-05-12 18:00:00', 'Reserved', '2024-05-05 00:14:56', '2024-05-19 21:00:00'),
(79, 3, '2024-05-12 17:00:00', '2024-05-12 19:00:00', 'Reserved', '2024-05-05 00:14:56', '2024-05-19 21:00:00'),
(80, 4, '2024-05-12 09:00:00', '2024-05-12 12:00:00', 'Reserved', '2024-05-05 00:14:56', '2024-05-19 21:00:00'),
(81, 1, '2024-05-13 09:00:00', '2024-05-13 12:00:00', 'Reserved', '2024-05-05 00:14:56', '2024-05-19 21:00:00'),
(82, 2, '2024-05-13 09:00:00', '2024-05-13 12:00:00', 'Reserved', '2024-05-05 00:14:56', '2024-05-19 21:00:00'),
(83, 1, '2024-05-13 12:00:00', '2024-05-13 16:00:00', 'Reserved', '2024-05-05 00:14:56', '2024-05-19 21:00:00'),
(84, 2, '2024-05-13 12:00:00', '2024-05-13 16:00:00', 'Reserved', '2024-05-05 00:14:56', '2024-05-19 21:00:00'),
(85, 1, '2024-05-13 16:00:00', '2024-05-13 18:00:00', 'Reserved', '2024-05-05 00:14:56', '2024-05-19 21:00:00'),
(86, 2, '2024-05-13 16:00:00', '2024-05-13 18:00:00', 'Reserved', '2024-05-05 00:14:56', '2024-05-19 21:00:00'),
(87, 1, '2024-05-14 09:00:00', '2024-05-14 12:00:00', 'Reserved', '2024-05-05 00:14:56', '2024-05-19 21:00:00'),
(88, 2, '2024-05-14 09:00:00', '2024-05-14 12:00:00', 'Reserved', '2024-05-05 00:14:56', '2024-05-19 21:00:00'),
(89, 1, '2024-05-14 12:00:00', '2024-05-14 16:00:00', 'Reserved', '2024-05-05 00:14:56', '2024-05-19 21:00:00'),
(90, 2, '2024-05-14 12:00:00', '2024-05-14 16:00:00', 'Reserved', '2024-05-05 00:14:56', '2024-05-19 21:00:00'),
(91, 1, '2024-05-14 16:00:00', '2024-05-14 18:00:00', 'Reserved', '2024-05-05 00:14:56', '2024-05-19 21:00:00'),
(92, 2, '2024-05-14 16:00:00', '2024-05-14 18:00:00', 'Reserved', '2024-05-05 00:14:56', '2024-05-19 21:00:00'),
(93, 1, '2024-05-15 09:00:00', '2024-05-15 12:00:00', 'Reserved', '2024-05-05 00:14:56', '2024-05-19 21:00:00'),
(94, 2, '2024-05-15 09:00:00', '2024-05-15 12:00:00', 'Reserved', '2024-05-05 00:14:56', '2024-05-19 21:00:00'),
(95, 1, '2024-05-15 12:00:00', '2024-05-15 16:00:00', 'Reserved', '2024-05-05 00:14:56', '2024-05-19 21:00:00'),
(96, 2, '2024-05-15 12:00:00', '2024-05-15 16:00:00', 'Reserved', '2024-05-05 00:14:56', '2024-05-19 21:00:00'),
(97, 1, '2024-05-15 16:00:00', '2024-05-15 18:00:00', 'Reserved', '2024-05-05 00:14:56', '2024-05-19 21:00:00'),
(98, 2, '2024-05-15 16:00:00', '2024-05-15 18:00:00', 'Reserved', '2024-05-05 00:14:56', '2024-05-19 21:00:00'),
(99, 1, '2024-05-16 09:00:00', '2024-05-16 12:00:00', 'Reserved', '2024-05-05 00:14:56', '2024-05-19 21:00:00'),
(100, 2, '2024-05-16 09:00:00', '2024-05-16 12:00:00', 'Reserved', '2024-05-05 00:14:56', '2024-05-19 21:00:00'),
(101, 1, '2024-05-16 12:00:00', '2024-05-16 16:00:00', 'Reserved', '2024-05-05 00:14:56', '2024-05-19 21:00:00'),
(102, 2, '2024-05-16 12:00:00', '2024-05-16 16:00:00', 'Reserved', '2024-05-05 00:14:56', '2024-05-19 21:00:00'),
(103, 1, '2024-05-16 16:00:00', '2024-05-16 18:00:00', 'Reserved', '2024-05-05 00:14:56', '2024-05-19 21:00:00'),
(104, 2, '2024-05-16 16:00:00', '2024-05-16 18:00:00', 'Reserved', '2024-05-05 00:14:56', '2024-05-19 21:00:00'),
(105, 1, '2024-05-17 09:00:00', '2024-05-17 12:00:00', 'Reserved', '2024-05-05 00:14:56', '2024-05-19 21:00:00'),
(106, 2, '2024-05-17 09:00:00', '2024-05-17 12:00:00', 'Reserved', '2024-05-05 00:14:56', '2024-05-19 21:00:00'),
(107, 1, '2024-05-17 12:00:00', '2024-05-17 16:00:00', 'Reserved', '2024-05-05 00:14:56', '2024-05-19 21:00:00'),
(108, 2, '2024-05-17 12:00:00', '2024-05-17 16:00:00', 'Reserved', '2024-05-05 00:14:56', '2024-05-19 21:00:00'),
(109, 1, '2024-05-17 16:00:00', '2024-05-17 18:00:00', 'Reserved', '2024-05-05 00:14:56', '2024-05-19 21:00:00'),
(110, 2, '2024-05-17 16:00:00', '2024-05-17 18:00:00', 'Reserved', '2024-05-05 00:14:56', '2024-05-19 21:00:00'),
(111, 1, '2024-05-18 09:00:00', '2024-05-18 12:00:00', 'Reserved', '2024-05-05 00:14:56', '2024-05-19 21:00:00'),
(112, 2, '2024-05-18 09:00:00', '2024-05-18 12:00:00', 'Reserved', '2024-05-05 00:14:56', '2024-05-19 21:00:00'),
(113, 1, '2024-05-18 12:00:00', '2024-05-18 16:00:00', 'Reserved', '2024-05-05 00:14:56', '2024-05-19 21:00:00'),
(114, 2, '2024-05-18 12:00:00', '2024-05-18 16:00:00', 'Reserved', '2024-05-05 00:14:56', '2024-05-19 21:00:00'),
(115, 1, '2024-05-18 16:00:00', '2024-05-18 18:00:00', 'Reserved', '2024-05-05 00:14:56', '2024-05-19 21:00:00'),
(116, 2, '2024-05-18 16:00:00', '2024-05-18 18:00:00', 'Reserved', '2024-05-05 00:14:56', '2024-05-19 21:00:00'),
(117, 3, '2024-05-18 17:00:00', '2024-05-18 19:00:00', 'Reserved', '2024-05-05 00:14:56', '2024-05-19 21:00:00'),
(118, 4, '2024-05-18 09:00:00', '2024-05-18 12:00:00', 'Reserved', '2024-05-05 00:14:56', '2024-05-19 21:00:00'),
(119, 1, '2024-05-19 09:00:00', '2024-05-19 12:00:00', 'Reserved', '2024-05-05 00:14:56', '2024-05-23 03:00:00'),
(120, 2, '2024-05-19 09:00:00', '2024-05-19 12:00:00', 'Reserved', '2024-05-05 00:14:56', '2024-05-23 03:00:00'),
(121, 1, '2024-05-19 12:00:00', '2024-05-19 16:00:00', 'Reserved', '2024-05-05 00:14:56', '2024-05-23 03:00:00'),
(122, 2, '2024-05-19 12:00:00', '2024-05-19 16:00:00', 'Reserved', '2024-05-05 00:14:56', '2024-05-23 03:00:00'),
(123, 1, '2024-05-19 16:00:00', '2024-05-19 18:00:00', 'Reserved', '2024-05-05 00:14:56', '2024-05-23 03:00:00'),
(124, 2, '2024-05-19 16:00:00', '2024-05-19 18:00:00', 'Reserved', '2024-05-05 00:14:56', '2024-05-23 03:00:00'),
(125, 3, '2024-05-19 17:00:00', '2024-05-19 19:00:00', 'Reserved', '2024-05-05 00:14:56', '2024-05-23 03:00:00'),
(126, 4, '2024-05-19 09:00:00', '2024-05-19 12:00:00', 'Reserved', '2024-05-05 00:14:56', '2024-05-23 03:00:00'),
(127, 1, '2024-05-20 09:00:00', '2024-05-20 12:00:00', 'Reserved', '2024-05-05 00:14:56', '2024-05-23 03:00:00'),
(128, 2, '2024-05-20 09:00:00', '2024-05-20 12:00:00', 'Reserved', '2024-05-05 00:14:56', '2024-05-23 03:00:00'),
(129, 1, '2024-05-20 12:00:00', '2024-05-20 16:00:00', 'Reserved', '2024-05-05 00:14:56', '2024-05-23 03:00:00'),
(130, 2, '2024-05-20 12:00:00', '2024-05-20 16:00:00', 'Reserved', '2024-05-05 00:14:56', '2024-05-23 03:00:00'),
(131, 1, '2024-05-20 16:00:00', '2024-05-20 18:00:00', 'Reserved', '2024-05-05 00:14:56', '2024-05-23 03:00:00'),
(132, 2, '2024-05-20 16:00:00', '2024-05-20 18:00:00', 'Reserved', '2024-05-05 00:14:56', '2024-05-23 03:00:00'),
(133, 1, '2024-05-21 09:00:00', '2024-05-21 12:00:00', 'Reserved', '2024-05-05 00:14:56', '2024-05-23 03:00:00'),
(134, 2, '2024-05-21 09:00:00', '2024-05-21 12:00:00', 'Reserved', '2024-05-05 00:14:56', '2024-05-23 03:00:00'),
(135, 1, '2024-05-21 12:00:00', '2024-05-21 16:00:00', 'Reserved', '2024-05-05 00:14:56', '2024-05-23 03:00:00'),
(136, 2, '2024-05-21 12:00:00', '2024-05-21 16:00:00', 'Reserved', '2024-05-05 00:14:56', '2024-05-23 03:00:00'),
(137, 1, '2024-05-21 16:00:00', '2024-05-21 18:00:00', 'Reserved', '2024-05-05 00:14:56', '2024-05-23 03:00:00'),
(138, 2, '2024-05-21 16:00:00', '2024-05-21 18:00:00', 'Reserved', '2024-05-05 00:14:56', '2024-05-23 03:00:00'),
(139, 1, '2024-05-22 09:00:00', '2024-05-22 12:00:00', 'Reserved', '2024-05-05 00:14:56', '2024-05-23 03:00:00'),
(140, 2, '2024-05-22 09:00:00', '2024-05-22 12:00:00', 'Reserved', '2024-05-05 00:14:56', '2024-05-23 03:00:00'),
(141, 1, '2024-05-22 12:00:00', '2024-05-22 16:00:00', 'Reserved', '2024-05-05 00:14:56', '2024-05-23 03:00:00'),
(142, 2, '2024-05-22 12:00:00', '2024-05-22 16:00:00', 'Reserved', '2024-05-05 00:14:56', '2024-05-23 03:00:00'),
(143, 1, '2024-05-22 16:00:00', '2024-05-22 18:00:00', 'Reserved', '2024-05-05 00:14:56', '2024-05-23 03:00:00'),
(144, 2, '2024-05-22 16:00:00', '2024-05-22 18:00:00', 'Reserved', '2024-05-05 00:14:56', '2024-05-23 03:00:00'),
(145, 1, '2024-05-23 09:00:00', '2024-05-23 12:00:00', 'Reserved', '2024-05-05 00:14:56', '2024-06-04 22:00:00'),
(146, 2, '2024-05-23 09:00:00', '2024-05-23 12:00:00', 'Reserved', '2024-05-05 00:14:56', '2024-06-04 22:00:00'),
(147, 1, '2024-05-23 12:00:00', '2024-05-23 16:00:00', 'Reserved', '2024-05-05 00:14:56', '2024-06-04 22:00:00'),
(148, 2, '2024-05-23 12:00:00', '2024-05-23 16:00:00', 'Reserved', '2024-05-05 00:14:56', '2024-06-04 22:00:00'),
(149, 1, '2024-05-23 16:00:00', '2024-05-23 18:00:00', 'Reserved', '2024-05-05 00:14:56', '2024-06-04 22:00:00'),
(150, 2, '2024-05-23 16:00:00', '2024-05-23 18:00:00', 'Reserved', '2024-05-05 00:14:56', '2024-06-04 22:00:00'),
(151, 1, '2024-05-24 09:00:00', '2024-05-24 12:00:00', 'Reserved', '2024-05-05 00:14:56', '2024-06-04 22:00:00'),
(152, 2, '2024-05-24 09:00:00', '2024-05-24 12:00:00', 'Reserved', '2024-05-05 00:14:56', '2024-06-04 22:00:00'),
(153, 1, '2024-05-24 12:00:00', '2024-05-24 16:00:00', 'Reserved', '2024-05-05 00:14:56', '2024-06-04 22:00:00'),
(154, 2, '2024-05-24 12:00:00', '2024-05-24 16:00:00', 'Reserved', '2024-05-05 00:14:56', '2024-06-04 22:00:00'),
(155, 1, '2024-05-24 16:00:00', '2024-05-24 18:00:00', 'Reserved', '2024-05-05 00:14:56', '2024-06-04 22:00:00'),
(156, 2, '2024-05-24 16:00:00', '2024-05-24 18:00:00', 'Reserved', '2024-05-05 00:14:56', '2024-06-04 22:00:00'),
(157, 1, '2024-05-25 09:00:00', '2024-05-25 12:00:00', 'Reserved', '2024-05-05 00:14:56', '2024-06-04 22:00:00'),
(158, 2, '2024-05-25 09:00:00', '2024-05-25 12:00:00', 'Reserved', '2024-05-05 00:14:56', '2024-06-04 22:00:00'),
(159, 1, '2024-05-25 12:00:00', '2024-05-25 16:00:00', 'Reserved', '2024-05-05 00:14:56', '2024-06-04 22:00:00'),
(160, 2, '2024-05-25 12:00:00', '2024-05-25 16:00:00', 'Reserved', '2024-05-05 00:14:56', '2024-05-23 03:43:38'),
(161, 1, '2024-05-25 16:00:00', '2024-05-25 18:00:00', 'Reserved', '2024-05-05 00:14:56', '2024-06-04 22:00:00'),
(162, 2, '2024-05-25 16:00:00', '2024-05-25 18:00:00', 'Reserved', '2024-05-05 00:14:56', '2024-06-04 22:00:00'),
(163, 3, '2024-05-25 17:00:00', '2024-05-25 19:00:00', 'Reserved', '2024-05-05 00:14:56', '2024-06-04 22:00:00'),
(164, 4, '2024-05-25 09:00:00', '2024-05-25 12:00:00', 'Reserved', '2024-05-05 00:14:56', '2024-06-04 22:00:00'),
(165, 1, '2024-05-26 09:00:00', '2024-05-26 12:00:00', 'Reserved', '2024-05-05 00:14:56', '2024-06-04 22:00:00'),
(166, 2, '2024-05-26 09:00:00', '2024-05-26 12:00:00', 'Reserved', '2024-05-05 00:14:56', '2024-06-04 22:00:00'),
(167, 1, '2024-05-26 12:00:00', '2024-05-26 16:00:00', 'Reserved', '2024-05-05 00:14:56', '2024-06-04 22:00:00'),
(168, 2, '2024-05-26 12:00:00', '2024-05-26 16:00:00', 'Reserved', '2024-05-05 00:14:57', '2024-06-04 22:00:00'),
(169, 1, '2024-05-26 16:00:00', '2024-05-26 18:00:00', 'Reserved', '2024-05-05 00:14:57', '2024-06-04 22:00:00'),
(170, 2, '2024-05-26 16:00:00', '2024-05-26 18:00:00', 'Reserved', '2024-05-05 00:14:57', '2024-06-04 22:00:00'),
(171, 3, '2024-05-26 17:00:00', '2024-05-26 19:00:00', 'Reserved', '2024-05-05 00:14:57', '2024-06-04 22:00:00'),
(172, 4, '2024-05-26 09:00:00', '2024-05-26 12:00:00', 'Reserved', '2024-05-05 00:14:57', '2024-06-04 22:00:00'),
(173, 1, '2024-05-27 09:00:00', '2024-05-27 12:00:00', 'Reserved', '2024-05-05 00:14:57', '2024-06-04 22:00:00'),
(174, 2, '2024-05-27 09:00:00', '2024-05-27 12:00:00', 'Reserved', '2024-05-05 00:14:57', '2024-06-04 22:00:00'),
(175, 1, '2024-05-27 12:00:00', '2024-05-27 16:00:00', 'Reserved', '2024-05-05 00:14:57', '2024-06-04 22:00:00'),
(176, 2, '2024-05-27 12:00:00', '2024-05-27 16:00:00', 'Reserved', '2024-05-05 00:14:57', '2024-06-04 22:00:00'),
(177, 1, '2024-05-27 16:00:00', '2024-05-27 18:00:00', 'Reserved', '2024-05-05 00:14:57', '2024-06-04 22:00:00'),
(178, 2, '2024-05-27 16:00:00', '2024-05-27 18:00:00', 'Reserved', '2024-05-05 00:14:57', '2024-06-04 22:00:00'),
(179, 1, '2024-05-28 09:00:00', '2024-05-28 12:00:00', 'Reserved', '2024-05-05 00:14:57', '2024-06-04 22:00:00'),
(180, 2, '2024-05-28 09:00:00', '2024-05-28 12:00:00', 'Reserved', '2024-05-05 00:14:57', '2024-06-04 22:00:00'),
(181, 1, '2024-05-28 12:00:00', '2024-05-28 16:00:00', 'Reserved', '2024-05-05 00:14:57', '2024-06-04 22:00:00'),
(182, 2, '2024-05-28 12:00:00', '2024-05-28 16:00:00', 'Reserved', '2024-05-05 00:14:57', '2024-06-04 22:00:00'),
(183, 1, '2024-05-28 16:00:00', '2024-05-28 18:00:00', 'Reserved', '2024-05-05 00:14:57', '2024-06-04 22:00:00'),
(184, 2, '2024-05-28 16:00:00', '2024-05-28 18:00:00', 'Reserved', '2024-05-05 00:14:57', '2024-06-04 22:00:00'),
(185, 1, '2024-05-29 09:00:00', '2024-05-29 12:00:00', 'Reserved', '2024-05-05 00:14:57', '2024-06-04 22:00:00'),
(186, 2, '2024-05-29 09:00:00', '2024-05-29 12:00:00', 'Reserved', '2024-05-05 00:14:57', '2024-06-04 22:00:00'),
(187, 1, '2024-05-29 12:00:00', '2024-05-29 16:00:00', 'Reserved', '2024-05-05 00:14:57', '2024-06-04 22:00:00'),
(188, 2, '2024-05-29 12:00:00', '2024-05-29 16:00:00', 'Reserved', '2024-05-05 00:14:57', '2024-06-04 22:00:00'),
(189, 1, '2024-05-29 16:00:00', '2024-05-29 18:00:00', 'Reserved', '2024-05-05 00:14:57', '2024-06-04 22:00:00'),
(190, 2, '2024-05-29 16:00:00', '2024-05-29 18:00:00', 'Reserved', '2024-05-05 00:14:57', '2024-06-04 22:00:00'),
(191, 1, '2024-05-30 09:00:00', '2024-05-30 12:00:00', 'Reserved', '2024-05-05 00:14:57', '2024-06-04 22:00:00'),
(192, 2, '2024-05-30 09:00:00', '2024-05-30 12:00:00', 'Reserved', '2024-05-05 00:14:57', '2024-06-04 22:00:00'),
(193, 1, '2024-05-30 12:00:00', '2024-05-30 16:00:00', 'Reserved', '2024-05-05 00:14:57', '2024-06-04 22:00:00'),
(194, 2, '2024-05-30 12:00:00', '2024-05-30 16:00:00', 'Reserved', '2024-05-05 00:14:57', '2024-06-04 22:00:00'),
(195, 1, '2024-05-30 16:00:00', '2024-05-30 18:00:00', 'Reserved', '2024-05-05 00:14:57', '2024-06-04 22:00:00'),
(196, 2, '2024-05-30 16:00:00', '2024-05-30 18:00:00', 'Reserved', '2024-05-05 00:14:57', '2024-06-04 22:00:00'),
(197, 1, '2024-05-31 09:00:00', '2024-05-31 12:00:00', 'Reserved', '2024-05-05 00:14:57', '2024-06-04 22:00:00'),
(198, 2, '2024-05-31 09:00:00', '2024-05-31 12:00:00', 'Reserved', '2024-05-05 00:14:57', '2024-06-04 22:00:00'),
(199, 1, '2024-05-31 12:00:00', '2024-05-31 16:00:00', 'Reserved', '2024-05-05 00:14:57', '2024-06-04 22:00:00'),
(200, 2, '2024-05-31 12:00:00', '2024-05-31 16:00:00', 'Reserved', '2024-05-05 00:14:57', '2024-06-04 22:00:00'),
(201, 1, '2024-05-31 16:00:00', '2024-05-31 18:00:00', 'Reserved', '2024-05-05 00:14:57', '2024-06-04 22:00:00'),
(202, 2, '2024-05-31 16:00:00', '2024-05-31 18:00:00', 'Reserved', '2024-05-05 00:14:57', '2024-06-04 22:00:00'),
(203, 1, '2024-06-01 09:00:00', '2024-06-01 12:00:00', 'Reserved', '2024-05-05 00:14:57', '2024-06-04 22:00:00'),
(204, 2, '2024-06-01 09:00:00', '2024-06-01 12:00:00', 'Reserved', '2024-05-05 00:14:57', '2024-06-04 22:00:00'),
(205, 1, '2024-06-01 12:00:00', '2024-06-01 16:00:00', 'Reserved', '2024-05-05 00:14:57', '2024-06-04 22:00:00'),
(206, 2, '2024-06-01 12:00:00', '2024-06-01 16:00:00', 'Reserved', '2024-05-05 00:14:57', '2024-06-04 22:00:00'),
(207, 1, '2024-06-01 16:00:00', '2024-06-01 18:00:00', 'Reserved', '2024-05-05 00:14:57', '2024-06-04 22:00:00'),
(208, 2, '2024-06-01 16:00:00', '2024-06-01 18:00:00', 'Reserved', '2024-05-05 00:14:57', '2024-06-04 22:00:00'),
(209, 3, '2024-06-01 17:00:00', '2024-06-01 19:00:00', 'Reserved', '2024-05-05 00:14:57', '2024-06-04 22:00:00'),
(210, 4, '2024-06-01 09:00:00', '2024-06-01 12:00:00', 'Reserved', '2024-05-05 00:14:57', '2024-06-04 22:00:00'),
(211, 1, '2024-06-02 09:00:00', '2024-06-02 12:00:00', 'Reserved', '2024-05-05 00:14:57', '2024-06-04 22:00:00'),
(212, 2, '2024-06-02 09:00:00', '2024-06-02 12:00:00', 'Reserved', '2024-05-05 00:14:57', '2024-06-04 22:00:00'),
(213, 1, '2024-06-02 12:00:00', '2024-06-02 16:00:00', 'Reserved', '2024-05-05 00:14:57', '2024-06-04 22:00:00'),
(214, 2, '2024-06-02 12:00:00', '2024-06-02 16:00:00', 'Reserved', '2024-05-05 00:14:57', '2024-06-04 22:00:00'),
(215, 1, '2024-06-02 16:00:00', '2024-06-02 18:00:00', 'Reserved', '2024-05-05 00:14:57', '2024-06-04 22:00:00'),
(216, 2, '2024-06-02 16:00:00', '2024-06-02 18:00:00', 'Reserved', '2024-05-05 00:14:57', '2024-06-04 22:00:00'),
(217, 3, '2024-06-02 17:00:00', '2024-06-02 19:00:00', 'Reserved', '2024-05-05 00:14:57', '2024-06-04 22:00:00'),
(218, 4, '2024-06-02 09:00:00', '2024-06-02 12:00:00', 'Reserved', '2024-05-05 00:14:57', '2024-06-04 22:00:00'),
(219, 1, '2024-06-03 09:00:00', '2024-06-03 12:00:00', 'Reserved', '2024-05-05 00:14:57', '2024-06-04 22:00:00'),
(220, 2, '2024-06-03 09:00:00', '2024-06-03 12:00:00', 'Reserved', '2024-05-05 00:14:57', '2024-06-04 22:00:00'),
(221, 1, '2024-06-03 12:00:00', '2024-06-03 16:00:00', 'Reserved', '2024-05-05 00:14:57', '2024-06-04 22:00:00'),
(222, 2, '2024-06-03 12:00:00', '2024-06-03 16:00:00', 'Reserved', '2024-05-05 00:14:57', '2024-06-04 22:00:00'),
(223, 1, '2024-06-03 16:00:00', '2024-06-03 18:00:00', 'Reserved', '2024-05-05 00:14:57', '2024-06-04 22:00:00'),
(224, 2, '2024-06-03 16:00:00', '2024-06-03 18:00:00', 'Reserved', '2024-05-05 00:14:57', '2024-06-04 22:00:00'),
(225, 1, '2024-06-04 09:00:00', '2024-06-04 12:00:00', 'Available', '2024-05-05 00:14:57', '2024-05-05 00:14:57'),
(226, 2, '2024-06-04 09:00:00', '2024-06-04 12:00:00', 'Available', '2024-05-05 00:14:57', '2024-05-05 00:14:57'),
(227, 1, '2024-06-04 12:00:00', '2024-06-04 16:00:00', 'Available', '2024-05-05 00:14:57', '2024-05-05 00:14:57'),
(228, 2, '2024-06-04 12:00:00', '2024-06-04 16:00:00', 'Available', '2024-05-05 00:14:57', '2024-05-05 00:14:57'),
(229, 1, '2024-06-04 16:00:00', '2024-06-04 18:00:00', 'Available', '2024-05-05 00:14:57', '2024-05-05 00:14:57'),
(230, 2, '2024-06-04 16:00:00', '2024-06-04 18:00:00', 'Available', '2024-05-05 00:14:57', '2024-05-05 00:14:57'),
(231, 1, '2024-06-05 09:00:00', '2024-06-05 12:00:00', 'Available', '2024-05-05 00:14:57', '2024-05-05 00:14:57'),
(232, 2, '2024-06-05 09:00:00', '2024-06-05 12:00:00', 'Available', '2024-05-05 00:14:57', '2024-05-05 00:14:57'),
(233, 1, '2024-06-05 12:00:00', '2024-06-05 16:00:00', 'Available', '2024-05-05 00:14:57', '2024-05-05 00:14:57'),
(234, 2, '2024-06-05 12:00:00', '2024-06-05 16:00:00', 'Available', '2024-05-05 00:14:57', '2024-05-05 00:14:57'),
(235, 1, '2024-06-05 16:00:00', '2024-06-05 18:00:00', 'Available', '2024-05-05 00:14:57', '2024-05-05 00:14:57'),
(236, 2, '2024-06-05 16:00:00', '2024-06-05 18:00:00', 'Available', '2024-05-05 00:14:57', '2024-05-05 00:14:57'),
(237, 1, '2024-06-06 09:00:00', '2024-06-06 12:00:00', 'Available', '2024-05-05 00:14:57', '2024-05-05 00:14:57'),
(238, 2, '2024-06-06 09:00:00', '2024-06-06 12:00:00', 'Available', '2024-05-05 00:14:57', '2024-05-05 00:14:57'),
(239, 1, '2024-06-06 12:00:00', '2024-06-06 16:00:00', 'Available', '2024-05-05 00:14:57', '2024-05-05 00:14:57'),
(240, 2, '2024-06-06 12:00:00', '2024-06-06 16:00:00', 'Available', '2024-05-05 00:14:57', '2024-05-05 00:14:57'),
(241, 1, '2024-06-06 16:00:00', '2024-06-06 18:00:00', 'Available', '2024-05-05 00:14:57', '2024-05-05 00:14:57'),
(242, 2, '2024-06-06 16:00:00', '2024-06-06 18:00:00', 'Available', '2024-05-05 00:14:57', '2024-05-05 00:14:57'),
(243, 1, '2024-06-07 09:00:00', '2024-06-07 12:00:00', 'Available', '2024-05-05 00:14:57', '2024-05-05 00:14:57'),
(244, 2, '2024-06-07 09:00:00', '2024-06-07 12:00:00', 'Available', '2024-05-05 00:14:57', '2024-05-05 00:14:57'),
(245, 1, '2024-06-07 12:00:00', '2024-06-07 16:00:00', 'Available', '2024-05-05 00:14:57', '2024-05-05 00:14:57'),
(246, 2, '2024-06-07 12:00:00', '2024-06-07 16:00:00', 'Available', '2024-05-05 00:14:57', '2024-05-05 00:14:57'),
(247, 1, '2024-06-07 16:00:00', '2024-06-07 18:00:00', 'Available', '2024-05-05 00:14:57', '2024-05-05 00:14:57'),
(248, 2, '2024-06-07 16:00:00', '2024-06-07 18:00:00', 'Available', '2024-05-05 00:14:57', '2024-05-05 00:14:57'),
(249, 1, '2024-06-08 09:00:00', '2024-06-08 12:00:00', 'Available', '2024-05-05 00:14:57', '2024-05-05 00:14:57'),
(250, 2, '2024-06-08 09:00:00', '2024-06-08 12:00:00', 'Available', '2024-05-05 00:14:57', '2024-05-05 00:14:57'),
(251, 1, '2024-06-08 12:00:00', '2024-06-08 16:00:00', 'Available', '2024-05-05 00:14:57', '2024-05-05 00:14:57'),
(252, 2, '2024-06-08 12:00:00', '2024-06-08 16:00:00', 'Available', '2024-05-05 00:14:57', '2024-05-05 00:14:57'),
(253, 1, '2024-06-08 16:00:00', '2024-06-08 18:00:00', 'Available', '2024-05-05 00:14:57', '2024-05-05 00:14:57'),
(254, 2, '2024-06-08 16:00:00', '2024-06-08 18:00:00', 'Available', '2024-05-05 00:14:57', '2024-05-05 00:14:57'),
(255, 3, '2024-06-08 17:00:00', '2024-06-08 19:00:00', 'Available', '2024-05-05 00:14:57', '2024-05-05 00:14:57'),
(256, 4, '2024-06-08 09:00:00', '2024-06-08 12:00:00', 'Available', '2024-05-05 00:14:57', '2024-05-05 00:14:57'),
(257, 1, '2024-06-09 09:00:00', '2024-06-09 12:00:00', 'Available', '2024-05-05 00:14:57', '2024-05-05 00:14:57'),
(258, 2, '2024-06-09 09:00:00', '2024-06-09 12:00:00', 'Available', '2024-05-05 00:14:57', '2024-05-05 00:14:57'),
(259, 1, '2024-06-09 12:00:00', '2024-06-09 16:00:00', 'Available', '2024-05-05 00:14:57', '2024-05-05 00:14:57'),
(260, 2, '2024-06-09 12:00:00', '2024-06-09 16:00:00', 'Available', '2024-05-05 00:14:57', '2024-05-05 00:14:57'),
(261, 1, '2024-06-09 16:00:00', '2024-06-09 18:00:00', 'Available', '2024-05-05 00:14:57', '2024-05-05 00:14:57'),
(262, 2, '2024-06-09 16:00:00', '2024-06-09 18:00:00', 'Available', '2024-05-05 00:14:57', '2024-05-05 00:14:57'),
(263, 3, '2024-06-09 17:00:00', '2024-06-09 19:00:00', 'Available', '2024-05-05 00:14:57', '2024-05-05 00:14:57'),
(264, 4, '2024-06-09 09:00:00', '2024-06-09 12:00:00', 'Available', '2024-05-05 00:14:57', '2024-05-05 00:14:57'),
(265, 1, '2024-06-10 09:00:00', '2024-06-10 12:00:00', 'Available', '2024-05-05 00:14:57', '2024-05-05 00:14:57'),
(266, 2, '2024-06-10 09:00:00', '2024-06-10 12:00:00', 'Available', '2024-05-05 00:14:57', '2024-05-05 00:14:57'),
(267, 1, '2024-06-10 12:00:00', '2024-06-10 16:00:00', 'Available', '2024-05-05 00:14:57', '2024-05-05 00:14:57'),
(268, 2, '2024-06-10 12:00:00', '2024-06-10 16:00:00', 'Available', '2024-05-05 00:14:57', '2024-05-05 00:14:57'),
(269, 1, '2024-06-10 16:00:00', '2024-06-10 18:00:00', 'Available', '2024-05-05 00:14:57', '2024-05-05 00:14:57'),
(270, 2, '2024-06-10 16:00:00', '2024-06-10 18:00:00', 'Available', '2024-05-05 00:14:57', '2024-05-05 00:14:57'),
(271, 1, '2024-06-11 09:00:00', '2024-06-11 12:00:00', 'Available', '2024-05-05 00:14:57', '2024-05-05 00:14:57'),
(272, 2, '2024-06-11 09:00:00', '2024-06-11 12:00:00', 'Available', '2024-05-05 00:14:57', '2024-05-05 00:14:57'),
(273, 1, '2024-06-11 12:00:00', '2024-06-11 16:00:00', 'Available', '2024-05-05 00:14:57', '2024-05-05 00:14:57'),
(274, 2, '2024-06-11 12:00:00', '2024-06-11 16:00:00', 'Available', '2024-05-05 00:14:57', '2024-05-05 00:14:57'),
(275, 1, '2024-06-11 16:00:00', '2024-06-11 18:00:00', 'Available', '2024-05-05 00:14:57', '2024-05-05 00:14:57'),
(276, 2, '2024-06-11 16:00:00', '2024-06-11 18:00:00', 'Available', '2024-05-05 00:14:57', '2024-05-05 00:14:57'),
(277, 1, '2024-06-12 09:00:00', '2024-06-12 12:00:00', 'Reserved', '2024-05-05 00:14:57', '2024-05-12 22:28:09'),
(278, 2, '2024-06-12 09:00:00', '2024-06-12 12:00:00', 'Reserved', '2024-05-05 00:14:57', '2024-05-12 22:28:09'),
(279, 1, '2024-06-12 12:00:00', '2024-06-12 16:00:00', 'Reserved', '2024-05-05 00:14:57', '2024-05-12 22:28:08'),
(280, 2, '2024-06-12 12:00:00', '2024-06-12 16:00:00', 'Reserved', '2024-05-05 00:14:57', '2024-05-12 22:28:08'),
(281, 1, '2024-06-12 16:00:00', '2024-06-12 18:00:00', 'Reserved', '2024-05-05 00:14:57', '2024-05-12 22:28:07'),
(282, 2, '2024-06-12 16:00:00', '2024-06-12 18:00:00', 'Reserved', '2024-05-05 00:14:57', '2024-05-12 22:28:07'),
(283, 1, '2024-06-13 09:00:00', '2024-06-13 12:00:00', 'Available', '2024-05-05 00:14:57', '2024-05-05 00:14:57'),
(284, 2, '2024-06-13 09:00:00', '2024-06-13 12:00:00', 'Available', '2024-05-05 00:14:57', '2024-05-05 00:14:57'),
(285, 1, '2024-06-13 12:00:00', '2024-06-13 16:00:00', 'Available', '2024-05-05 00:14:57', '2024-05-05 00:14:57'),
(286, 2, '2024-06-13 12:00:00', '2024-06-13 16:00:00', 'Available', '2024-05-05 00:14:57', '2024-05-05 00:14:57'),
(287, 1, '2024-06-13 16:00:00', '2024-06-13 18:00:00', 'Available', '2024-05-05 00:14:57', '2024-05-05 00:14:57'),
(288, 2, '2024-06-13 16:00:00', '2024-06-13 18:00:00', 'Available', '2024-05-05 00:14:57', '2024-05-05 00:14:57'),
(289, 1, '2024-06-14 09:00:00', '2024-06-14 12:00:00', 'Available', '2024-05-05 00:14:57', '2024-05-05 00:14:57'),
(290, 2, '2024-06-14 09:00:00', '2024-06-14 12:00:00', 'Available', '2024-05-05 00:14:57', '2024-05-05 00:14:57'),
(291, 1, '2024-06-14 12:00:00', '2024-06-14 16:00:00', 'Available', '2024-05-05 00:14:57', '2024-05-05 00:14:57'),
(292, 2, '2024-06-14 12:00:00', '2024-06-14 16:00:00', 'Available', '2024-05-05 00:14:57', '2024-05-05 00:14:57'),
(293, 1, '2024-06-14 16:00:00', '2024-06-14 18:00:00', 'Available', '2024-05-05 00:14:57', '2024-05-05 00:14:57'),
(294, 2, '2024-06-14 16:00:00', '2024-06-14 18:00:00', 'Available', '2024-05-05 00:14:57', '2024-05-05 00:14:57'),
(295, 1, '2024-06-15 09:00:00', '2024-06-15 12:00:00', 'Available', '2024-05-05 00:14:57', '2024-05-05 00:14:57'),
(296, 2, '2024-06-15 09:00:00', '2024-06-15 12:00:00', 'Available', '2024-05-05 00:14:57', '2024-05-05 00:14:57'),
(297, 1, '2024-06-15 12:00:00', '2024-06-15 16:00:00', 'Available', '2024-05-05 00:14:57', '2024-05-05 00:14:57'),
(298, 2, '2024-06-15 12:00:00', '2024-06-15 16:00:00', 'Available', '2024-05-05 00:14:57', '2024-05-05 00:14:57'),
(299, 1, '2024-06-15 16:00:00', '2024-06-15 18:00:00', 'Available', '2024-05-05 00:14:57', '2024-05-05 00:14:57'),
(300, 2, '2024-06-15 16:00:00', '2024-06-15 18:00:00', 'Available', '2024-05-05 00:14:57', '2024-05-05 00:14:57'),
(301, 3, '2024-06-15 17:00:00', '2024-06-15 19:00:00', 'Available', '2024-05-05 00:14:57', '2024-05-05 00:14:57'),
(302, 4, '2024-06-15 09:00:00', '2024-06-15 12:00:00', 'Available', '2024-05-05 00:14:57', '2024-05-05 00:14:57'),
(303, 1, '2024-06-16 09:00:00', '2024-06-16 12:00:00', 'Available', '2024-05-05 00:14:57', '2024-05-05 00:14:57'),
(304, 2, '2024-06-16 09:00:00', '2024-06-16 12:00:00', 'Available', '2024-05-05 00:14:57', '2024-05-05 00:14:57'),
(305, 1, '2024-06-16 12:00:00', '2024-06-16 16:00:00', 'Available', '2024-05-05 00:14:57', '2024-05-05 00:14:57'),
(306, 2, '2024-06-16 12:00:00', '2024-06-16 16:00:00', 'Available', '2024-05-05 00:14:57', '2024-05-05 00:14:57'),
(307, 1, '2024-06-16 16:00:00', '2024-06-16 18:00:00', 'Available', '2024-05-05 00:14:57', '2024-05-05 00:14:57'),
(308, 2, '2024-06-16 16:00:00', '2024-06-16 18:00:00', 'Available', '2024-05-05 00:14:57', '2024-05-05 00:14:57'),
(309, 3, '2024-06-16 17:00:00', '2024-06-16 19:00:00', 'Available', '2024-05-05 00:14:57', '2024-05-05 00:14:57'),
(310, 4, '2024-06-16 09:00:00', '2024-06-16 12:00:00', 'Available', '2024-05-05 00:14:57', '2024-05-05 00:14:57'),
(311, 1, '2024-06-17 09:00:00', '2024-06-17 12:00:00', 'Available', '2024-05-05 00:14:57', '2024-05-05 00:14:57'),
(312, 2, '2024-06-17 09:00:00', '2024-06-17 12:00:00', 'Available', '2024-05-05 00:14:57', '2024-05-05 00:14:57'),
(313, 1, '2024-06-17 12:00:00', '2024-06-17 16:00:00', 'Available', '2024-05-05 00:14:57', '2024-05-05 00:14:57'),
(314, 2, '2024-06-17 12:00:00', '2024-06-17 16:00:00', 'Available', '2024-05-05 00:14:57', '2024-05-05 00:14:57'),
(315, 1, '2024-06-17 16:00:00', '2024-06-17 18:00:00', 'Available', '2024-05-05 00:14:57', '2024-05-05 00:14:57'),
(316, 2, '2024-06-17 16:00:00', '2024-06-17 18:00:00', 'Available', '2024-05-05 00:14:57', '2024-05-05 00:14:57'),
(317, 1, '2024-06-18 09:00:00', '2024-06-18 12:00:00', 'Available', '2024-05-05 00:14:57', '2024-05-05 00:14:57'),
(318, 2, '2024-06-18 09:00:00', '2024-06-18 12:00:00', 'Available', '2024-05-05 00:14:57', '2024-05-05 00:14:57'),
(319, 1, '2024-06-18 12:00:00', '2024-06-18 16:00:00', 'Available', '2024-05-05 00:14:57', '2024-05-05 00:14:57'),
(320, 2, '2024-06-18 12:00:00', '2024-06-18 16:00:00', 'Available', '2024-05-05 00:14:57', '2024-05-05 00:14:57'),
(321, 1, '2024-06-18 16:00:00', '2024-06-18 18:00:00', 'Available', '2024-05-05 00:14:57', '2024-05-05 00:14:57'),
(322, 2, '2024-06-18 16:00:00', '2024-06-18 18:00:00', 'Available', '2024-05-05 00:14:57', '2024-05-05 00:14:57'),
(323, 1, '2024-06-19 09:00:00', '2024-06-19 12:00:00', 'Available', '2024-05-05 00:14:57', '2024-05-05 00:14:57'),
(324, 2, '2024-06-19 09:00:00', '2024-06-19 12:00:00', 'Available', '2024-05-05 00:14:57', '2024-05-05 00:14:57'),
(325, 1, '2024-06-19 12:00:00', '2024-06-19 16:00:00', 'Available', '2024-05-05 00:14:57', '2024-05-05 00:14:57'),
(326, 2, '2024-06-19 12:00:00', '2024-06-19 16:00:00', 'Available', '2024-05-05 00:14:57', '2024-05-05 00:14:57'),
(327, 1, '2024-06-19 16:00:00', '2024-06-19 18:00:00', 'Available', '2024-05-05 00:14:57', '2024-05-05 00:14:57'),
(328, 2, '2024-06-19 16:00:00', '2024-06-19 18:00:00', 'Available', '2024-05-05 00:14:57', '2024-05-05 00:14:57'),
(329, 1, '2024-06-20 09:00:00', '2024-06-20 12:00:00', 'Available', '2024-05-05 00:14:57', '2024-05-05 00:14:57'),
(330, 2, '2024-06-20 09:00:00', '2024-06-20 12:00:00', 'Available', '2024-05-05 00:14:57', '2024-05-05 00:14:57'),
(331, 1, '2024-06-20 12:00:00', '2024-06-20 16:00:00', 'Available', '2024-05-05 00:14:57', '2024-05-05 00:14:57'),
(332, 2, '2024-06-20 12:00:00', '2024-06-20 16:00:00', 'Available', '2024-05-05 00:14:57', '2024-05-05 00:14:57'),
(333, 1, '2024-06-20 16:00:00', '2024-06-20 18:00:00', 'Available', '2024-05-05 00:14:57', '2024-05-05 00:14:57'),
(334, 2, '2024-06-20 16:00:00', '2024-06-20 18:00:00', 'Available', '2024-05-05 00:14:57', '2024-05-05 00:14:57'),
(335, 1, '2024-06-21 09:00:00', '2024-06-21 12:00:00', 'Available', '2024-05-05 00:14:57', '2024-05-05 00:14:57'),
(336, 2, '2024-06-21 09:00:00', '2024-06-21 12:00:00', 'Available', '2024-05-05 00:14:57', '2024-05-05 00:14:57'),
(337, 1, '2024-06-21 12:00:00', '2024-06-21 16:00:00', 'Available', '2024-05-05 00:14:57', '2024-05-05 00:14:57'),
(338, 2, '2024-06-21 12:00:00', '2024-06-21 16:00:00', 'Available', '2024-05-05 00:14:57', '2024-05-05 00:14:57'),
(339, 1, '2024-06-21 16:00:00', '2024-06-21 18:00:00', 'Available', '2024-05-05 00:14:57', '2024-05-05 00:14:57'),
(340, 2, '2024-06-21 16:00:00', '2024-06-21 18:00:00', 'Available', '2024-05-05 00:14:57', '2024-05-05 00:14:57'),
(341, 1, '2024-06-22 09:00:00', '2024-06-22 12:00:00', 'Available', '2024-05-05 00:14:57', '2024-05-05 00:14:57'),
(342, 2, '2024-06-22 09:00:00', '2024-06-22 12:00:00', 'Available', '2024-05-05 00:14:57', '2024-05-05 00:14:57'),
(343, 1, '2024-06-22 12:00:00', '2024-06-22 16:00:00', 'Available', '2024-05-05 00:14:57', '2024-05-05 00:14:57'),
(344, 2, '2024-06-22 12:00:00', '2024-06-22 16:00:00', 'Available', '2024-05-05 00:14:57', '2024-05-05 00:14:57'),
(345, 1, '2024-06-22 16:00:00', '2024-06-22 18:00:00', 'Available', '2024-05-05 00:14:57', '2024-05-05 00:14:57'),
(346, 2, '2024-06-22 16:00:00', '2024-06-22 18:00:00', 'Available', '2024-05-05 00:14:57', '2024-05-05 00:14:57'),
(347, 3, '2024-06-22 17:00:00', '2024-06-22 19:00:00', 'Available', '2024-05-05 00:14:57', '2024-05-05 00:14:57'),
(348, 4, '2024-06-22 09:00:00', '2024-06-22 12:00:00', 'Available', '2024-05-05 00:14:57', '2024-05-05 00:14:57'),
(349, 1, '2024-06-23 09:00:00', '2024-06-23 12:00:00', 'Available', '2024-05-05 00:14:57', '2024-05-05 00:14:57'),
(350, 2, '2024-06-23 09:00:00', '2024-06-23 12:00:00', 'Available', '2024-05-05 00:14:57', '2024-05-05 00:14:57'),
(351, 1, '2024-06-23 12:00:00', '2024-06-23 16:00:00', 'Available', '2024-05-05 00:14:57', '2024-05-05 00:14:57'),
(352, 2, '2024-06-23 12:00:00', '2024-06-23 16:00:00', 'Available', '2024-05-05 00:14:57', '2024-05-05 00:14:57'),
(353, 1, '2024-06-23 16:00:00', '2024-06-23 18:00:00', 'Available', '2024-05-05 00:14:57', '2024-05-05 00:14:57'),
(354, 2, '2024-06-23 16:00:00', '2024-06-23 18:00:00', 'Available', '2024-05-05 00:14:57', '2024-05-05 00:14:57'),
(355, 3, '2024-06-23 17:00:00', '2024-06-23 19:00:00', 'Available', '2024-05-05 00:14:57', '2024-05-05 00:14:57'),
(356, 4, '2024-06-23 09:00:00', '2024-06-23 12:00:00', 'Available', '2024-05-05 00:14:57', '2024-05-05 00:14:57'),
(357, 1, '2024-06-24 09:00:00', '2024-06-24 12:00:00', 'Available', '2024-05-05 00:14:57', '2024-05-05 00:14:57'),
(358, 2, '2024-06-24 09:00:00', '2024-06-24 12:00:00', 'Available', '2024-05-05 00:14:57', '2024-05-05 00:14:57'),
(359, 1, '2024-06-24 12:00:00', '2024-06-24 16:00:00', 'Available', '2024-05-05 00:14:57', '2024-05-05 00:14:57'),
(360, 2, '2024-06-24 12:00:00', '2024-06-24 16:00:00', 'Available', '2024-05-05 00:14:57', '2024-05-05 00:14:57'),
(361, 1, '2024-06-24 16:00:00', '2024-06-24 18:00:00', 'Available', '2024-05-05 00:14:57', '2024-05-05 00:14:57'),
(362, 2, '2024-06-24 16:00:00', '2024-06-24 18:00:00', 'Available', '2024-05-05 00:14:57', '2024-05-05 00:14:57'),
(363, 1, '2024-06-25 09:00:00', '2024-06-25 12:00:00', 'Available', '2024-05-05 00:14:57', '2024-05-05 00:14:57'),
(364, 2, '2024-06-25 09:00:00', '2024-06-25 12:00:00', 'Available', '2024-05-05 00:14:57', '2024-05-05 00:14:57'),
(365, 1, '2024-06-25 12:00:00', '2024-06-25 16:00:00', 'Available', '2024-05-05 00:14:57', '2024-05-05 00:14:57'),
(366, 2, '2024-06-25 12:00:00', '2024-06-25 16:00:00', 'Available', '2024-05-05 00:14:57', '2024-05-05 00:14:57'),
(367, 1, '2024-06-25 16:00:00', '2024-06-25 18:00:00', 'Available', '2024-05-05 00:14:57', '2024-05-05 00:14:57'),
(368, 2, '2024-06-25 16:00:00', '2024-06-25 18:00:00', 'Available', '2024-05-05 00:14:57', '2024-05-05 00:14:57'),
(369, 1, '2024-06-26 09:00:00', '2024-06-26 12:00:00', 'Available', '2024-05-05 00:14:57', '2024-05-05 00:14:57'),
(370, 2, '2024-06-26 09:00:00', '2024-06-26 12:00:00', 'Available', '2024-05-05 00:14:57', '2024-05-05 00:14:57'),
(371, 1, '2024-06-26 12:00:00', '2024-06-26 16:00:00', 'Available', '2024-05-05 00:14:57', '2024-05-05 00:14:57'),
(372, 2, '2024-06-26 12:00:00', '2024-06-26 16:00:00', 'Available', '2024-05-05 00:14:57', '2024-05-05 00:14:57'),
(373, 1, '2024-06-26 16:00:00', '2024-06-26 18:00:00', 'Available', '2024-05-05 00:14:57', '2024-05-05 00:14:57'),
(374, 2, '2024-06-26 16:00:00', '2024-06-26 18:00:00', 'Available', '2024-05-05 00:14:57', '2024-05-05 00:14:57'),
(375, 1, '2024-06-27 09:00:00', '2024-06-27 12:00:00', 'Available', '2024-05-05 00:14:57', '2024-05-05 00:14:57'),
(376, 2, '2024-06-27 09:00:00', '2024-06-27 12:00:00', 'Available', '2024-05-05 00:14:57', '2024-05-05 00:14:57'),
(377, 1, '2024-06-27 12:00:00', '2024-06-27 16:00:00', 'Available', '2024-05-05 00:14:57', '2024-05-05 00:14:57'),
(378, 2, '2024-06-27 12:00:00', '2024-06-27 16:00:00', 'Available', '2024-05-05 00:14:57', '2024-05-05 00:14:57'),
(379, 1, '2024-06-27 16:00:00', '2024-06-27 18:00:00', 'Available', '2024-05-05 00:14:57', '2024-05-05 00:14:57'),
(380, 2, '2024-06-27 16:00:00', '2024-06-27 18:00:00', 'Available', '2024-05-05 00:14:57', '2024-05-05 00:14:57'),
(381, 1, '2024-06-28 09:00:00', '2024-06-28 12:00:00', 'Available', '2024-05-05 00:14:57', '2024-05-05 00:14:57'),
(382, 2, '2024-06-28 09:00:00', '2024-06-28 12:00:00', 'Available', '2024-05-05 00:14:57', '2024-05-05 00:14:57'),
(383, 1, '2024-06-28 12:00:00', '2024-06-28 16:00:00', 'Available', '2024-05-05 00:14:57', '2024-05-05 00:14:57'),
(384, 2, '2024-06-28 12:00:00', '2024-06-28 16:00:00', 'Available', '2024-05-05 00:14:57', '2024-05-05 00:14:57'),
(385, 1, '2024-06-28 16:00:00', '2024-06-28 18:00:00', 'Available', '2024-05-05 00:14:57', '2024-05-05 00:14:57'),
(386, 2, '2024-06-28 16:00:00', '2024-06-28 18:00:00', 'Available', '2024-05-05 00:14:57', '2024-05-05 00:14:57'),
(387, 1, '2024-06-29 09:00:00', '2024-06-29 12:00:00', 'Available', '2024-05-05 00:14:57', '2024-05-05 00:14:57'),
(388, 2, '2024-06-29 09:00:00', '2024-06-29 12:00:00', 'Available', '2024-05-05 00:14:57', '2024-05-05 00:14:57'),
(389, 1, '2024-06-29 12:00:00', '2024-06-29 16:00:00', 'Available', '2024-05-05 00:14:57', '2024-05-05 00:14:57'),
(390, 2, '2024-06-29 12:00:00', '2024-06-29 16:00:00', 'Available', '2024-05-05 00:14:57', '2024-05-05 00:14:57'),
(391, 1, '2024-06-29 16:00:00', '2024-06-29 18:00:00', 'Available', '2024-05-05 00:14:57', '2024-05-05 00:14:57'),
(392, 2, '2024-06-29 16:00:00', '2024-06-29 18:00:00', 'Available', '2024-05-05 00:14:57', '2024-05-05 00:14:57'),
(393, 3, '2024-06-29 17:00:00', '2024-06-29 19:00:00', 'Available', '2024-05-05 00:14:57', '2024-05-05 00:14:57'),
(394, 4, '2024-06-29 09:00:00', '2024-06-29 12:00:00', 'Available', '2024-05-05 00:14:57', '2024-05-05 00:14:57'),
(395, 1, '2024-06-30 09:00:00', '2024-06-30 12:00:00', 'Available', '2024-05-05 00:14:57', '2024-05-05 00:14:57'),
(396, 2, '2024-06-30 09:00:00', '2024-06-30 12:00:00', 'Available', '2024-05-05 00:14:57', '2024-05-05 00:14:57'),
(397, 1, '2024-06-30 12:00:00', '2024-06-30 16:00:00', 'Available', '2024-05-05 00:14:57', '2024-05-05 00:14:57'),
(398, 2, '2024-06-30 12:00:00', '2024-06-30 16:00:00', 'Available', '2024-05-05 00:14:57', '2024-05-05 00:14:57'),
(399, 1, '2024-06-30 16:00:00', '2024-06-30 18:00:00', 'Available', '2024-05-05 00:14:57', '2024-05-05 00:14:57'),
(400, 2, '2024-06-30 16:00:00', '2024-06-30 18:00:00', 'Available', '2024-05-05 00:14:57', '2024-05-05 00:14:57'),
(401, 3, '2024-06-30 17:00:00', '2024-06-30 19:00:00', 'Available', '2024-05-05 00:14:57', '2024-05-05 00:14:57'),
(402, 4, '2024-06-30 09:00:00', '2024-06-30 12:00:00', 'Available', '2024-05-05 00:14:57', '2024-05-05 00:14:57'),
(403, 1, '2024-07-01 09:00:00', '2024-07-01 12:00:00', 'Available', '2024-05-05 00:14:57', '2024-05-05 00:14:57'),
(404, 2, '2024-07-01 09:00:00', '2024-07-01 12:00:00', 'Available', '2024-05-05 00:14:57', '2024-05-05 00:14:57'),
(405, 1, '2024-07-01 12:00:00', '2024-07-01 16:00:00', 'Available', '2024-05-05 00:14:57', '2024-05-05 00:14:57'),
(406, 2, '2024-07-01 12:00:00', '2024-07-01 16:00:00', 'Available', '2024-05-05 00:14:57', '2024-05-05 00:14:57'),
(407, 1, '2024-07-01 16:00:00', '2024-07-01 18:00:00', 'Available', '2024-05-05 00:14:57', '2024-05-05 00:14:57'),
(408, 2, '2024-07-01 16:00:00', '2024-07-01 18:00:00', 'Available', '2024-05-05 00:14:57', '2024-05-05 00:14:57'),
(409, 1, '2024-07-02 09:00:00', '2024-07-02 12:00:00', 'Available', '2024-05-05 00:14:57', '2024-05-05 00:14:57'),
(410, 2, '2024-07-02 09:00:00', '2024-07-02 12:00:00', 'Available', '2024-05-05 00:14:57', '2024-05-05 00:14:57'),
(411, 1, '2024-07-02 12:00:00', '2024-07-02 16:00:00', 'Available', '2024-05-05 00:14:57', '2024-05-05 00:14:57'),
(412, 2, '2024-07-02 12:00:00', '2024-07-02 16:00:00', 'Available', '2024-05-05 00:14:57', '2024-05-05 00:14:57'),
(413, 1, '2024-07-02 16:00:00', '2024-07-02 18:00:00', 'Available', '2024-05-05 00:14:57', '2024-05-05 00:14:57'),
(414, 2, '2024-07-02 16:00:00', '2024-07-02 18:00:00', 'Available', '2024-05-05 00:14:57', '2024-05-05 00:14:57'),
(415, 1, '2024-07-03 09:00:00', '2024-07-03 12:00:00', 'Available', '2024-05-05 00:14:57', '2024-05-05 00:14:57'),
(416, 2, '2024-07-03 09:00:00', '2024-07-03 12:00:00', 'Available', '2024-05-05 00:14:57', '2024-05-05 00:14:57'),
(417, 1, '2024-07-03 12:00:00', '2024-07-03 16:00:00', 'Available', '2024-05-05 00:14:57', '2024-05-05 00:14:57'),
(418, 2, '2024-07-03 12:00:00', '2024-07-03 16:00:00', 'Available', '2024-05-05 00:14:57', '2024-05-05 00:14:57'),
(419, 1, '2024-07-03 16:00:00', '2024-07-03 18:00:00', 'Available', '2024-05-05 00:14:57', '2024-05-05 00:14:57'),
(420, 2, '2024-07-03 16:00:00', '2024-07-03 18:00:00', 'Available', '2024-05-05 00:14:57', '2024-05-05 00:14:57'),
(421, 1, '2024-07-04 09:00:00', '2024-07-04 12:00:00', 'Available', '2024-05-05 00:14:57', '2024-05-05 00:14:57'),
(422, 2, '2024-07-04 09:00:00', '2024-07-04 12:00:00', 'Available', '2024-05-05 00:14:57', '2024-05-05 00:14:57'),
(423, 1, '2024-07-04 12:00:00', '2024-07-04 16:00:00', 'Available', '2024-05-05 00:14:57', '2024-05-05 00:14:57'),
(424, 2, '2024-07-04 12:00:00', '2024-07-04 16:00:00', 'Available', '2024-05-05 00:14:57', '2024-05-05 00:14:57'),
(425, 1, '2024-07-04 16:00:00', '2024-07-04 18:00:00', 'Available', '2024-05-05 00:14:57', '2024-05-05 00:14:57'),
(426, 2, '2024-07-04 16:00:00', '2024-07-04 18:00:00', 'Available', '2024-05-05 00:14:57', '2024-05-05 00:14:57'),
(427, 1, '2024-07-05 09:00:00', '2024-07-05 12:00:00', 'Available', '2024-05-05 00:14:57', '2024-05-05 00:14:57'),
(428, 2, '2024-07-05 09:00:00', '2024-07-05 12:00:00', 'Available', '2024-05-05 00:14:57', '2024-05-05 00:14:57'),
(429, 1, '2024-07-05 12:00:00', '2024-07-05 16:00:00', 'Available', '2024-05-05 00:14:57', '2024-05-05 00:14:57'),
(430, 2, '2024-07-05 12:00:00', '2024-07-05 16:00:00', 'Available', '2024-05-05 00:14:57', '2024-05-05 00:14:57'),
(431, 1, '2024-07-05 16:00:00', '2024-07-05 18:00:00', 'Available', '2024-05-05 00:14:57', '2024-05-05 00:14:57'),
(432, 2, '2024-07-05 16:00:00', '2024-07-05 18:00:00', 'Available', '2024-05-05 00:14:57', '2024-05-05 00:14:57'),
(433, 1, '2024-07-06 09:00:00', '2024-07-06 12:00:00', 'Available', '2024-05-05 00:14:57', '2024-05-05 00:14:57'),
(434, 2, '2024-07-06 09:00:00', '2024-07-06 12:00:00', 'Available', '2024-05-05 00:14:57', '2024-05-05 00:14:57'),
(435, 1, '2024-07-06 12:00:00', '2024-07-06 16:00:00', 'Available', '2024-05-05 00:14:57', '2024-05-05 00:14:57'),
(436, 2, '2024-07-06 12:00:00', '2024-07-06 16:00:00', 'Available', '2024-05-05 00:14:57', '2024-05-05 00:14:57'),
(437, 1, '2024-07-06 16:00:00', '2024-07-06 18:00:00', 'Available', '2024-05-05 00:14:57', '2024-05-05 00:14:57'),
(438, 2, '2024-07-06 16:00:00', '2024-07-06 18:00:00', 'Available', '2024-05-05 00:14:57', '2024-05-05 00:14:57'),
(439, 3, '2024-07-06 17:00:00', '2024-07-06 19:00:00', 'Available', '2024-05-05 00:14:57', '2024-05-05 00:14:57'),
(440, 4, '2024-07-06 09:00:00', '2024-07-06 12:00:00', 'Available', '2024-05-05 00:14:57', '2024-05-05 00:14:57'),
(441, 1, '2024-07-07 09:00:00', '2024-07-07 12:00:00', 'Available', '2024-05-05 00:14:57', '2024-05-05 00:14:57'),
(442, 2, '2024-07-07 09:00:00', '2024-07-07 12:00:00', 'Available', '2024-05-05 00:14:57', '2024-05-05 00:14:57'),
(443, 1, '2024-07-07 12:00:00', '2024-07-07 16:00:00', 'Available', '2024-05-05 00:14:57', '2024-05-05 00:14:57'),
(444, 2, '2024-07-07 12:00:00', '2024-07-07 16:00:00', 'Available', '2024-05-05 00:14:57', '2024-05-05 00:14:57'),
(445, 1, '2024-07-07 16:00:00', '2024-07-07 18:00:00', 'Available', '2024-05-05 00:14:57', '2024-05-05 00:14:57'),
(446, 2, '2024-07-07 16:00:00', '2024-07-07 18:00:00', 'Available', '2024-05-05 00:14:57', '2024-05-05 00:14:57'),
(447, 3, '2024-07-07 17:00:00', '2024-07-07 19:00:00', 'Available', '2024-05-05 00:14:57', '2024-05-05 00:14:57'),
(448, 4, '2024-07-07 09:00:00', '2024-07-07 12:00:00', 'Available', '2024-05-05 00:14:57', '2024-05-05 00:14:57'),
(449, 1, '2024-07-08 09:00:00', '2024-07-08 12:00:00', 'Available', '2024-05-05 00:14:57', '2024-05-05 00:14:57'),
(450, 2, '2024-07-08 09:00:00', '2024-07-08 12:00:00', 'Available', '2024-05-05 00:14:57', '2024-05-05 00:14:57'),
(451, 1, '2024-07-08 12:00:00', '2024-07-08 16:00:00', 'Available', '2024-05-05 00:14:57', '2024-05-05 00:14:57'),
(452, 2, '2024-07-08 12:00:00', '2024-07-08 16:00:00', 'Available', '2024-05-05 00:14:57', '2024-05-05 00:14:57'),
(453, 1, '2024-07-08 16:00:00', '2024-07-08 18:00:00', 'Available', '2024-05-05 00:14:57', '2024-05-05 00:14:57'),
(454, 2, '2024-07-08 16:00:00', '2024-07-08 18:00:00', 'Available', '2024-05-05 00:14:57', '2024-05-05 00:14:57'),
(455, 1, '2024-07-09 09:00:00', '2024-07-09 12:00:00', 'Available', '2024-05-05 00:14:57', '2024-05-05 00:14:57'),
(456, 2, '2024-07-09 09:00:00', '2024-07-09 12:00:00', 'Available', '2024-05-05 00:14:57', '2024-05-05 00:14:57'),
(457, 1, '2024-07-09 12:00:00', '2024-07-09 16:00:00', 'Available', '2024-05-05 00:14:57', '2024-05-05 00:14:57'),
(458, 2, '2024-07-09 12:00:00', '2024-07-09 16:00:00', 'Available', '2024-05-05 00:14:57', '2024-05-05 00:14:57'),
(459, 1, '2024-07-09 16:00:00', '2024-07-09 18:00:00', 'Available', '2024-05-05 00:14:57', '2024-05-05 00:14:57'),
(460, 2, '2024-07-09 16:00:00', '2024-07-09 18:00:00', 'Available', '2024-05-05 00:14:57', '2024-05-05 00:14:57'),
(461, 1, '2024-07-10 09:00:00', '2024-07-10 12:00:00', 'Available', '2024-05-05 00:14:57', '2024-05-05 00:14:57'),
(462, 2, '2024-07-10 09:00:00', '2024-07-10 12:00:00', 'Available', '2024-05-05 00:14:57', '2024-05-05 00:14:57'),
(463, 1, '2024-07-10 12:00:00', '2024-07-10 16:00:00', 'Available', '2024-05-05 00:14:57', '2024-05-05 00:14:57'),
(464, 2, '2024-07-10 12:00:00', '2024-07-10 16:00:00', 'Available', '2024-05-05 00:14:57', '2024-05-05 00:14:57'),
(465, 1, '2024-07-10 16:00:00', '2024-07-10 18:00:00', 'Available', '2024-05-05 00:14:57', '2024-05-05 00:14:57'),
(466, 2, '2024-07-10 16:00:00', '2024-07-10 18:00:00', 'Available', '2024-05-05 00:14:57', '2024-05-05 00:14:57'),
(467, 1, '2024-07-11 09:00:00', '2024-07-11 12:00:00', 'Available', '2024-05-05 00:14:57', '2024-05-05 00:14:57'),
(468, 2, '2024-07-11 09:00:00', '2024-07-11 12:00:00', 'Available', '2024-05-05 00:14:57', '2024-05-05 00:14:57'),
(469, 1, '2024-07-11 12:00:00', '2024-07-11 16:00:00', 'Available', '2024-05-05 00:14:57', '2024-05-05 00:14:57'),
(470, 2, '2024-07-11 12:00:00', '2024-07-11 16:00:00', 'Available', '2024-05-05 00:14:57', '2024-05-05 00:14:57'),
(471, 1, '2024-07-11 16:00:00', '2024-07-11 18:00:00', 'Available', '2024-05-05 00:14:57', '2024-05-05 00:14:57'),
(472, 2, '2024-07-11 16:00:00', '2024-07-11 18:00:00', 'Available', '2024-05-05 00:14:57', '2024-05-05 00:14:57'),
(473, 1, '2024-07-12 09:00:00', '2024-07-12 12:00:00', 'Available', '2024-05-05 00:14:57', '2024-05-05 00:14:57'),
(474, 2, '2024-07-12 09:00:00', '2024-07-12 12:00:00', 'Available', '2024-05-05 00:14:57', '2024-05-05 00:14:57'),
(475, 1, '2024-07-12 12:00:00', '2024-07-12 16:00:00', 'Available', '2024-05-05 00:14:57', '2024-05-05 00:14:57'),
(476, 2, '2024-07-12 12:00:00', '2024-07-12 16:00:00', 'Available', '2024-05-05 00:14:57', '2024-05-05 00:14:57'),
(477, 1, '2024-07-12 16:00:00', '2024-07-12 18:00:00', 'Available', '2024-05-05 00:14:57', '2024-05-05 00:14:57'),
(478, 2, '2024-07-12 16:00:00', '2024-07-12 18:00:00', 'Available', '2024-05-05 00:14:57', '2024-05-05 00:14:57'),
(479, 1, '2024-07-13 09:00:00', '2024-07-13 12:00:00', 'Available', '2024-05-05 00:14:57', '2024-05-05 00:14:57'),
(480, 2, '2024-07-13 09:00:00', '2024-07-13 12:00:00', 'Available', '2024-05-05 00:14:57', '2024-05-05 00:14:57'),
(481, 1, '2024-07-13 12:00:00', '2024-07-13 16:00:00', 'Available', '2024-05-05 00:14:57', '2024-05-05 00:14:57'),
(482, 2, '2024-07-13 12:00:00', '2024-07-13 16:00:00', 'Available', '2024-05-05 00:14:57', '2024-05-05 00:14:57'),
(483, 1, '2024-07-13 16:00:00', '2024-07-13 18:00:00', 'Available', '2024-05-05 00:14:57', '2024-05-05 00:14:57'),
(484, 2, '2024-07-13 16:00:00', '2024-07-13 18:00:00', 'Available', '2024-05-05 00:14:57', '2024-05-05 00:14:57'),
(485, 3, '2024-07-13 17:00:00', '2024-07-13 19:00:00', 'Available', '2024-05-05 00:14:57', '2024-05-05 00:14:57'),
(486, 4, '2024-07-13 09:00:00', '2024-07-13 12:00:00', 'Available', '2024-05-05 00:14:57', '2024-05-05 00:14:57'),
(487, 1, '2024-07-14 09:00:00', '2024-07-14 12:00:00', 'Available', '2024-05-05 00:14:57', '2024-05-05 00:14:57'),
(488, 2, '2024-07-14 09:00:00', '2024-07-14 12:00:00', 'Available', '2024-05-05 00:14:57', '2024-05-05 00:14:57'),
(489, 1, '2024-07-14 12:00:00', '2024-07-14 16:00:00', 'Available', '2024-05-05 00:14:57', '2024-05-05 00:14:57'),
(490, 2, '2024-07-14 12:00:00', '2024-07-14 16:00:00', 'Available', '2024-05-05 00:14:57', '2024-05-05 00:14:57'),
(491, 1, '2024-07-14 16:00:00', '2024-07-14 18:00:00', 'Available', '2024-05-05 00:14:57', '2024-05-05 00:14:57'),
(492, 2, '2024-07-14 16:00:00', '2024-07-14 18:00:00', 'Available', '2024-05-05 00:14:57', '2024-05-05 00:14:57'),
(493, 3, '2024-07-14 17:00:00', '2024-07-14 19:00:00', 'Available', '2024-05-05 00:14:57', '2024-05-05 00:14:57'),
(494, 4, '2024-07-14 09:00:00', '2024-07-14 12:00:00', 'Available', '2024-05-05 00:14:57', '2024-05-05 00:14:57'),
(495, 1, '2024-07-15 09:00:00', '2024-07-15 12:00:00', 'Available', '2024-05-05 00:14:57', '2024-05-05 00:14:57'),
(496, 2, '2024-07-15 09:00:00', '2024-07-15 12:00:00', 'Available', '2024-05-05 00:14:57', '2024-05-05 00:14:57'),
(497, 1, '2024-07-15 12:00:00', '2024-07-15 16:00:00', 'Available', '2024-05-05 00:14:57', '2024-05-05 00:14:57'),
(498, 2, '2024-07-15 12:00:00', '2024-07-15 16:00:00', 'Available', '2024-05-05 00:14:57', '2024-05-05 00:14:57'),
(499, 1, '2024-07-15 16:00:00', '2024-07-15 18:00:00', 'Available', '2024-05-05 00:14:57', '2024-05-05 00:14:57'),
(500, 2, '2024-07-15 16:00:00', '2024-07-15 18:00:00', 'Available', '2024-05-05 00:14:57', '2024-05-05 00:14:57'),
(501, 1, '2024-07-16 09:00:00', '2024-07-16 12:00:00', 'Available', '2024-05-05 00:14:57', '2024-05-05 00:14:57'),
(502, 2, '2024-07-16 09:00:00', '2024-07-16 12:00:00', 'Available', '2024-05-05 00:14:57', '2024-05-05 00:14:57'),
(503, 1, '2024-07-16 12:00:00', '2024-07-16 16:00:00', 'Available', '2024-05-05 00:14:57', '2024-05-05 00:14:57'),
(504, 2, '2024-07-16 12:00:00', '2024-07-16 16:00:00', 'Available', '2024-05-05 00:14:57', '2024-05-05 00:14:57'),
(505, 1, '2024-07-16 16:00:00', '2024-07-16 18:00:00', 'Available', '2024-05-05 00:14:57', '2024-05-05 00:14:57'),
(506, 2, '2024-07-16 16:00:00', '2024-07-16 18:00:00', 'Available', '2024-05-05 00:14:57', '2024-05-05 00:14:57'),
(507, 1, '2024-07-17 09:00:00', '2024-07-17 12:00:00', 'Available', '2024-05-05 00:14:57', '2024-05-05 00:14:57'),
(508, 2, '2024-07-17 09:00:00', '2024-07-17 12:00:00', 'Available', '2024-05-05 00:14:57', '2024-05-05 00:14:57'),
(509, 1, '2024-07-17 12:00:00', '2024-07-17 16:00:00', 'Available', '2024-05-05 00:14:57', '2024-05-05 00:14:57'),
(510, 2, '2024-07-17 12:00:00', '2024-07-17 16:00:00', 'Available', '2024-05-05 00:14:57', '2024-05-05 00:14:57'),
(511, 1, '2024-07-17 16:00:00', '2024-07-17 18:00:00', 'Available', '2024-05-05 00:14:57', '2024-05-05 00:14:57'),
(512, 2, '2024-07-17 16:00:00', '2024-07-17 18:00:00', 'Available', '2024-05-05 00:14:57', '2024-05-05 00:14:57'),
(513, 1, '2024-07-18 09:00:00', '2024-07-18 12:00:00', 'Available', '2024-05-05 00:14:57', '2024-05-05 00:14:57'),
(514, 2, '2024-07-18 09:00:00', '2024-07-18 12:00:00', 'Available', '2024-05-05 00:14:57', '2024-05-05 00:14:57'),
(515, 1, '2024-07-18 12:00:00', '2024-07-18 16:00:00', 'Available', '2024-05-05 00:14:57', '2024-05-05 00:14:57'),
(516, 2, '2024-07-18 12:00:00', '2024-07-18 16:00:00', 'Available', '2024-05-05 00:14:57', '2024-05-05 00:14:57'),
(517, 1, '2024-07-18 16:00:00', '2024-07-18 18:00:00', 'Available', '2024-05-05 00:14:57', '2024-05-05 00:14:57'),
(518, 2, '2024-07-18 16:00:00', '2024-07-18 18:00:00', 'Available', '2024-05-05 00:14:57', '2024-05-05 00:14:57'),
(519, 1, '2024-07-19 09:00:00', '2024-07-19 12:00:00', 'Available', '2024-05-05 00:14:57', '2024-05-05 00:14:57'),
(520, 2, '2024-07-19 09:00:00', '2024-07-19 12:00:00', 'Available', '2024-05-05 00:14:57', '2024-05-05 00:14:57'),
(521, 1, '2024-07-19 12:00:00', '2024-07-19 16:00:00', 'Available', '2024-05-05 00:14:57', '2024-05-05 00:14:57'),
(522, 2, '2024-07-19 12:00:00', '2024-07-19 16:00:00', 'Available', '2024-05-05 00:14:57', '2024-05-05 00:14:57'),
(523, 1, '2024-07-19 16:00:00', '2024-07-19 18:00:00', 'Available', '2024-05-05 00:14:57', '2024-05-05 00:14:57'),
(524, 2, '2024-07-19 16:00:00', '2024-07-19 18:00:00', 'Available', '2024-05-05 00:14:57', '2024-05-05 00:14:57'),
(525, 1, '2024-07-20 09:00:00', '2024-07-20 12:00:00', 'Available', '2024-05-05 00:14:57', '2024-05-05 00:14:57'),
(526, 2, '2024-07-20 09:00:00', '2024-07-20 12:00:00', 'Available', '2024-05-05 00:14:57', '2024-05-05 00:14:57'),
(527, 1, '2024-07-20 12:00:00', '2024-07-20 16:00:00', 'Available', '2024-05-05 00:14:57', '2024-05-05 00:14:57'),
(528, 2, '2024-07-20 12:00:00', '2024-07-20 16:00:00', 'Available', '2024-05-05 00:14:57', '2024-05-05 00:14:57'),
(529, 1, '2024-07-20 16:00:00', '2024-07-20 18:00:00', 'Available', '2024-05-05 00:14:57', '2024-05-05 00:14:57'),
(530, 2, '2024-07-20 16:00:00', '2024-07-20 18:00:00', 'Available', '2024-05-05 00:14:57', '2024-05-05 00:14:57'),
(531, 3, '2024-07-20 17:00:00', '2024-07-20 19:00:00', 'Available', '2024-05-05 00:14:57', '2024-05-05 00:14:57'),
(532, 4, '2024-07-20 09:00:00', '2024-07-20 12:00:00', 'Available', '2024-05-05 00:14:57', '2024-05-05 00:14:57'),
(533, 1, '2024-07-21 09:00:00', '2024-07-21 12:00:00', 'Available', '2024-05-05 00:14:57', '2024-05-05 00:14:57'),
(534, 2, '2024-07-21 09:00:00', '2024-07-21 12:00:00', 'Available', '2024-05-05 00:14:57', '2024-05-05 00:14:57'),
(535, 1, '2024-07-21 12:00:00', '2024-07-21 16:00:00', 'Available', '2024-05-05 00:14:57', '2024-05-05 00:14:57'),
(536, 2, '2024-07-21 12:00:00', '2024-07-21 16:00:00', 'Available', '2024-05-05 00:14:57', '2024-05-05 00:14:57'),
(537, 1, '2024-07-21 16:00:00', '2024-07-21 18:00:00', 'Available', '2024-05-05 00:14:57', '2024-05-05 00:14:57'),
(538, 2, '2024-07-21 16:00:00', '2024-07-21 18:00:00', 'Available', '2024-05-05 00:14:57', '2024-05-05 00:14:57'),
(539, 3, '2024-07-21 17:00:00', '2024-07-21 19:00:00', 'Available', '2024-05-05 00:14:57', '2024-05-05 00:14:57'),
(540, 4, '2024-07-21 09:00:00', '2024-07-21 12:00:00', 'Available', '2024-05-05 00:14:57', '2024-05-05 00:14:57'),
(541, 1, '2024-07-22 09:00:00', '2024-07-22 12:00:00', 'Available', '2024-05-05 00:14:57', '2024-05-05 00:14:57'),
(542, 2, '2024-07-22 09:00:00', '2024-07-22 12:00:00', 'Available', '2024-05-05 00:14:57', '2024-05-05 00:14:57'),
(543, 1, '2024-07-22 12:00:00', '2024-07-22 16:00:00', 'Available', '2024-05-05 00:14:57', '2024-05-05 00:14:57'),
(544, 2, '2024-07-22 12:00:00', '2024-07-22 16:00:00', 'Available', '2024-05-05 00:14:57', '2024-05-05 00:14:57'),
(545, 1, '2024-07-22 16:00:00', '2024-07-22 18:00:00', 'Available', '2024-05-05 00:14:57', '2024-05-05 00:14:57'),
(546, 2, '2024-07-22 16:00:00', '2024-07-22 18:00:00', 'Available', '2024-05-05 00:14:57', '2024-05-05 00:14:57'),
(547, 1, '2024-07-23 09:00:00', '2024-07-23 12:00:00', 'Available', '2024-05-05 00:14:57', '2024-05-05 00:14:57'),
(548, 2, '2024-07-23 09:00:00', '2024-07-23 12:00:00', 'Available', '2024-05-05 00:14:57', '2024-05-05 00:14:57'),
(549, 1, '2024-07-23 12:00:00', '2024-07-23 16:00:00', 'Available', '2024-05-05 00:14:57', '2024-05-05 00:14:57'),
(550, 2, '2024-07-23 12:00:00', '2024-07-23 16:00:00', 'Available', '2024-05-05 00:14:57', '2024-05-05 00:14:57'),
(551, 1, '2024-07-23 16:00:00', '2024-07-23 18:00:00', 'Available', '2024-05-05 00:14:57', '2024-05-05 00:14:57'),
(552, 2, '2024-07-23 16:00:00', '2024-07-23 18:00:00', 'Available', '2024-05-05 00:14:57', '2024-05-05 00:14:57'),
(553, 1, '2024-07-24 09:00:00', '2024-07-24 12:00:00', 'Available', '2024-05-05 00:14:57', '2024-05-05 00:14:57'),
(554, 2, '2024-07-24 09:00:00', '2024-07-24 12:00:00', 'Available', '2024-05-05 00:14:57', '2024-05-05 00:14:57'),
(555, 1, '2024-07-24 12:00:00', '2024-07-24 16:00:00', 'Available', '2024-05-05 00:14:57', '2024-05-05 00:14:57'),
(556, 2, '2024-07-24 12:00:00', '2024-07-24 16:00:00', 'Available', '2024-05-05 00:14:57', '2024-05-05 00:14:57'),
(557, 1, '2024-07-24 16:00:00', '2024-07-24 18:00:00', 'Available', '2024-05-05 00:14:57', '2024-05-05 00:14:57'),
(558, 2, '2024-07-24 16:00:00', '2024-07-24 18:00:00', 'Available', '2024-05-05 00:14:57', '2024-05-05 00:14:57'),
(559, 1, '2024-07-25 09:00:00', '2024-07-25 12:00:00', 'Available', '2024-05-05 00:14:57', '2024-05-05 00:14:57'),
(560, 2, '2024-07-25 09:00:00', '2024-07-25 12:00:00', 'Available', '2024-05-05 00:14:57', '2024-05-05 00:14:57'),
(561, 1, '2024-07-25 12:00:00', '2024-07-25 16:00:00', 'Available', '2024-05-05 00:14:57', '2024-05-05 00:14:57'),
(562, 2, '2024-07-25 12:00:00', '2024-07-25 16:00:00', 'Available', '2024-05-05 00:14:57', '2024-05-05 00:14:57'),
(563, 1, '2024-07-25 16:00:00', '2024-07-25 18:00:00', 'Available', '2024-05-05 00:14:57', '2024-05-05 00:14:57'),
(564, 2, '2024-07-25 16:00:00', '2024-07-25 18:00:00', 'Available', '2024-05-05 00:14:57', '2024-05-05 00:14:57'),
(565, 1, '2024-07-26 09:00:00', '2024-07-26 12:00:00', 'Available', '2024-05-05 00:14:57', '2024-05-05 00:14:57'),
(566, 2, '2024-07-26 09:00:00', '2024-07-26 12:00:00', 'Available', '2024-05-05 00:14:57', '2024-05-05 00:14:57'),
(567, 1, '2024-07-26 12:00:00', '2024-07-26 16:00:00', 'Available', '2024-05-05 00:14:57', '2024-05-05 00:14:57'),
(568, 2, '2024-07-26 12:00:00', '2024-07-26 16:00:00', 'Available', '2024-05-05 00:14:57', '2024-05-05 00:14:57'),
(569, 1, '2024-07-26 16:00:00', '2024-07-26 18:00:00', 'Available', '2024-05-05 00:14:57', '2024-05-05 00:14:57'),
(570, 2, '2024-07-26 16:00:00', '2024-07-26 18:00:00', 'Available', '2024-05-05 00:14:57', '2024-05-05 00:14:57'),
(571, 1, '2024-07-27 09:00:00', '2024-07-27 12:00:00', 'Available', '2024-05-05 00:14:57', '2024-05-05 00:14:57'),
(572, 2, '2024-07-27 09:00:00', '2024-07-27 12:00:00', 'Available', '2024-05-05 00:14:57', '2024-05-05 00:14:57'),
(573, 1, '2024-07-27 12:00:00', '2024-07-27 16:00:00', 'Available', '2024-05-05 00:14:57', '2024-05-05 00:14:57'),
(574, 2, '2024-07-27 12:00:00', '2024-07-27 16:00:00', 'Available', '2024-05-05 00:14:57', '2024-05-05 00:14:57'),
(575, 1, '2024-07-27 16:00:00', '2024-07-27 18:00:00', 'Available', '2024-05-05 00:14:57', '2024-05-05 00:14:57'),
(576, 2, '2024-07-27 16:00:00', '2024-07-27 18:00:00', 'Available', '2024-05-05 00:14:57', '2024-05-05 00:14:57'),
(577, 3, '2024-07-27 17:00:00', '2024-07-27 19:00:00', 'Available', '2024-05-05 00:14:57', '2024-05-05 00:14:57'),
(578, 4, '2024-07-27 09:00:00', '2024-07-27 12:00:00', 'Available', '2024-05-05 00:14:57', '2024-05-05 00:14:57'),
(579, 1, '2024-07-28 09:00:00', '2024-07-28 12:00:00', 'Available', '2024-05-05 00:14:57', '2024-05-05 00:14:57'),
(580, 2, '2024-07-28 09:00:00', '2024-07-28 12:00:00', 'Available', '2024-05-05 00:14:57', '2024-05-05 00:14:57'),
(581, 1, '2024-07-28 12:00:00', '2024-07-28 16:00:00', 'Available', '2024-05-05 00:14:57', '2024-05-05 00:14:57'),
(582, 2, '2024-07-28 12:00:00', '2024-07-28 16:00:00', 'Available', '2024-05-05 00:14:57', '2024-05-05 00:14:57'),
(583, 1, '2024-07-28 16:00:00', '2024-07-28 18:00:00', 'Available', '2024-05-05 00:14:57', '2024-05-05 00:14:57'),
(584, 2, '2024-07-28 16:00:00', '2024-07-28 18:00:00', 'Available', '2024-05-05 00:14:58', '2024-05-05 00:14:58'),
(585, 3, '2024-07-28 17:00:00', '2024-07-28 19:00:00', 'Available', '2024-05-05 00:14:58', '2024-05-05 00:14:58'),
(586, 4, '2024-07-28 09:00:00', '2024-07-28 12:00:00', 'Available', '2024-05-05 00:14:58', '2024-05-05 00:14:58'),
(587, 1, '2024-07-29 09:00:00', '2024-07-29 12:00:00', 'Available', '2024-05-05 00:14:58', '2024-05-05 00:14:58'),
(588, 2, '2024-07-29 09:00:00', '2024-07-29 12:00:00', 'Available', '2024-05-05 00:14:58', '2024-05-05 00:14:58'),
(589, 1, '2024-07-29 12:00:00', '2024-07-29 16:00:00', 'Available', '2024-05-05 00:14:58', '2024-05-05 00:14:58'),
(590, 2, '2024-07-29 12:00:00', '2024-07-29 16:00:00', 'Available', '2024-05-05 00:14:58', '2024-05-05 00:14:58'),
(591, 1, '2024-07-29 16:00:00', '2024-07-29 18:00:00', 'Available', '2024-05-05 00:14:58', '2024-05-05 00:14:58'),
(592, 2, '2024-07-29 16:00:00', '2024-07-29 18:00:00', 'Available', '2024-05-05 00:14:58', '2024-05-05 00:14:58'),
(593, 1, '2024-07-30 09:00:00', '2024-07-30 12:00:00', 'Available', '2024-05-05 00:14:58', '2024-05-05 00:14:58'),
(594, 2, '2024-07-30 09:00:00', '2024-07-30 12:00:00', 'Available', '2024-05-05 00:14:58', '2024-05-05 00:14:58'),
(595, 1, '2024-07-30 12:00:00', '2024-07-30 16:00:00', 'Available', '2024-05-05 00:14:58', '2024-05-05 00:14:58'),
(596, 2, '2024-07-30 12:00:00', '2024-07-30 16:00:00', 'Available', '2024-05-05 00:14:58', '2024-05-05 00:14:58'),
(597, 1, '2024-07-30 16:00:00', '2024-07-30 18:00:00', 'Available', '2024-05-05 00:14:58', '2024-05-05 00:14:58'),
(598, 2, '2024-07-30 16:00:00', '2024-07-30 18:00:00', 'Available', '2024-05-05 00:14:58', '2024-05-05 00:14:58'),
(599, 1, '2024-07-31 09:00:00', '2024-07-31 12:00:00', 'Available', '2024-05-05 00:14:58', '2024-05-05 00:14:58'),
(600, 2, '2024-07-31 09:00:00', '2024-07-31 12:00:00', 'Available', '2024-05-05 00:14:58', '2024-05-05 00:14:58'),
(601, 1, '2024-07-31 12:00:00', '2024-07-31 16:00:00', 'Available', '2024-05-05 00:14:58', '2024-05-05 00:14:58'),
(602, 2, '2024-07-31 12:00:00', '2024-07-31 16:00:00', 'Available', '2024-05-05 00:14:58', '2024-05-05 00:14:58'),
(603, 1, '2024-07-31 16:00:00', '2024-07-31 18:00:00', 'Available', '2024-05-05 00:14:58', '2024-05-05 00:14:58'),
(604, 2, '2024-07-31 16:00:00', '2024-07-31 18:00:00', 'Available', '2024-05-05 00:14:58', '2024-05-05 00:14:58'),
(605, 1, '2024-08-01 09:00:00', '2024-08-01 12:00:00', 'Available', '2024-05-05 00:14:58', '2024-05-05 00:14:58'),
(606, 2, '2024-08-01 09:00:00', '2024-08-01 12:00:00', 'Available', '2024-05-05 00:14:58', '2024-05-05 00:14:58'),
(607, 1, '2024-08-01 12:00:00', '2024-08-01 16:00:00', 'Available', '2024-05-05 00:14:58', '2024-05-05 00:14:58'),
(608, 2, '2024-08-01 12:00:00', '2024-08-01 16:00:00', 'Available', '2024-05-05 00:14:58', '2024-05-05 00:14:58'),
(609, 1, '2024-08-01 16:00:00', '2024-08-01 18:00:00', 'Available', '2024-05-05 00:14:58', '2024-05-05 00:14:58'),
(610, 2, '2024-08-01 16:00:00', '2024-08-01 18:00:00', 'Available', '2024-05-05 00:14:58', '2024-05-05 00:14:58'),
(611, 1, '2024-08-02 09:00:00', '2024-08-02 12:00:00', 'Available', '2024-05-05 00:14:58', '2024-05-05 00:14:58'),
(612, 2, '2024-08-02 09:00:00', '2024-08-02 12:00:00', 'Available', '2024-05-05 00:14:58', '2024-05-05 00:14:58'),
(613, 1, '2024-08-02 12:00:00', '2024-08-02 16:00:00', 'Available', '2024-05-05 00:14:58', '2024-05-05 00:14:58'),
(614, 2, '2024-08-02 12:00:00', '2024-08-02 16:00:00', 'Available', '2024-05-05 00:14:58', '2024-05-05 00:14:58'),
(615, 1, '2024-08-02 16:00:00', '2024-08-02 18:00:00', 'Available', '2024-05-05 00:14:58', '2024-05-05 00:14:58'),
(616, 2, '2024-08-02 16:00:00', '2024-08-02 18:00:00', 'Available', '2024-05-05 00:14:58', '2024-05-05 00:14:58'),
(617, 1, '2024-08-03 09:00:00', '2024-08-03 12:00:00', 'Available', '2024-05-05 00:14:58', '2024-05-05 00:14:58'),
(618, 2, '2024-08-03 09:00:00', '2024-08-03 12:00:00', 'Available', '2024-05-05 00:14:58', '2024-05-05 00:14:58'),
(619, 1, '2024-08-03 12:00:00', '2024-08-03 16:00:00', 'Available', '2024-05-05 00:14:58', '2024-05-05 00:14:58'),
(620, 2, '2024-08-03 12:00:00', '2024-08-03 16:00:00', 'Available', '2024-05-05 00:14:58', '2024-05-05 00:14:58'),
(621, 1, '2024-08-03 16:00:00', '2024-08-03 18:00:00', 'Available', '2024-05-05 00:14:58', '2024-05-05 00:14:58'),
(622, 2, '2024-08-03 16:00:00', '2024-08-03 18:00:00', 'Available', '2024-05-05 00:14:58', '2024-05-05 00:14:58'),
(623, 3, '2024-08-03 17:00:00', '2024-08-03 19:00:00', 'Available', '2024-05-05 00:14:58', '2024-05-05 00:14:58'),
(624, 4, '2024-08-03 09:00:00', '2024-08-03 12:00:00', 'Available', '2024-05-05 00:14:58', '2024-05-05 00:14:58'),
(625, 1, '2024-08-04 09:00:00', '2024-08-04 12:00:00', 'Available', '2024-05-05 00:14:58', '2024-05-05 00:14:58'),
(626, 2, '2024-08-04 09:00:00', '2024-08-04 12:00:00', 'Available', '2024-05-05 00:14:58', '2024-05-05 00:14:58'),
(627, 1, '2024-08-04 12:00:00', '2024-08-04 16:00:00', 'Available', '2024-05-05 00:14:58', '2024-05-05 00:14:58'),
(628, 2, '2024-08-04 12:00:00', '2024-08-04 16:00:00', 'Available', '2024-05-05 00:14:58', '2024-05-05 00:14:58'),
(629, 1, '2024-08-04 16:00:00', '2024-08-04 18:00:00', 'Available', '2024-05-05 00:14:58', '2024-05-05 00:14:58'),
(630, 2, '2024-08-04 16:00:00', '2024-08-04 18:00:00', 'Available', '2024-05-05 00:14:58', '2024-05-05 00:14:58'),
(631, 3, '2024-08-04 17:00:00', '2024-08-04 19:00:00', 'Available', '2024-05-05 00:14:58', '2024-05-05 00:14:58'),
(632, 4, '2024-08-04 09:00:00', '2024-08-04 12:00:00', 'Available', '2024-05-05 00:14:58', '2024-05-05 00:14:58'),
(633, 1, '2024-08-05 09:00:00', '2024-08-05 12:00:00', 'Available', '2024-05-05 00:14:58', '2024-05-05 00:14:58'),
(634, 2, '2024-08-05 09:00:00', '2024-08-05 12:00:00', 'Available', '2024-05-05 00:14:58', '2024-05-05 00:14:58'),
(635, 1, '2024-08-05 12:00:00', '2024-08-05 16:00:00', 'Available', '2024-05-05 00:14:58', '2024-05-05 00:14:58'),
(636, 2, '2024-08-05 12:00:00', '2024-08-05 16:00:00', 'Available', '2024-05-05 00:14:58', '2024-05-05 00:14:58'),
(637, 1, '2024-08-05 16:00:00', '2024-08-05 18:00:00', 'Available', '2024-05-05 00:14:58', '2024-05-05 00:14:58'),
(638, 2, '2024-08-05 16:00:00', '2024-08-05 18:00:00', 'Available', '2024-05-05 00:14:58', '2024-05-05 00:14:58'),
(639, 1, '2024-08-06 09:00:00', '2024-08-06 12:00:00', 'Available', '2024-05-05 00:14:58', '2024-05-05 00:14:58'),
(640, 2, '2024-08-06 09:00:00', '2024-08-06 12:00:00', 'Available', '2024-05-05 00:14:58', '2024-05-05 00:14:58'),
(641, 1, '2024-08-06 12:00:00', '2024-08-06 16:00:00', 'Available', '2024-05-05 00:14:58', '2024-05-05 00:14:58'),
(642, 2, '2024-08-06 12:00:00', '2024-08-06 16:00:00', 'Available', '2024-05-05 00:14:58', '2024-05-05 00:14:58'),
(643, 1, '2024-08-06 16:00:00', '2024-08-06 18:00:00', 'Available', '2024-05-05 00:14:58', '2024-05-05 00:14:58'),
(644, 2, '2024-08-06 16:00:00', '2024-08-06 18:00:00', 'Available', '2024-05-05 00:14:58', '2024-05-05 00:14:58'),
(645, 1, '2024-08-07 09:00:00', '2024-08-07 12:00:00', 'Available', '2024-05-05 00:14:58', '2024-05-05 00:14:58'),
(646, 2, '2024-08-07 09:00:00', '2024-08-07 12:00:00', 'Available', '2024-05-05 00:14:58', '2024-05-05 00:14:58'),
(647, 1, '2024-08-07 12:00:00', '2024-08-07 16:00:00', 'Available', '2024-05-05 00:14:58', '2024-05-05 00:14:58'),
(648, 2, '2024-08-07 12:00:00', '2024-08-07 16:00:00', 'Available', '2024-05-05 00:14:58', '2024-05-05 00:14:58'),
(649, 1, '2024-08-07 16:00:00', '2024-08-07 18:00:00', 'Available', '2024-05-05 00:14:58', '2024-05-05 00:14:58'),
(650, 2, '2024-08-07 16:00:00', '2024-08-07 18:00:00', 'Available', '2024-05-05 00:14:58', '2024-05-05 00:14:58'),
(651, 1, '2024-08-08 09:00:00', '2024-08-08 12:00:00', 'Available', '2024-05-05 00:14:58', '2024-05-05 00:14:58'),
(652, 2, '2024-08-08 09:00:00', '2024-08-08 12:00:00', 'Available', '2024-05-05 00:14:58', '2024-05-05 00:14:58'),
(653, 1, '2024-08-08 12:00:00', '2024-08-08 16:00:00', 'Available', '2024-05-05 00:14:58', '2024-05-05 00:14:58'),
(654, 2, '2024-08-08 12:00:00', '2024-08-08 16:00:00', 'Available', '2024-05-05 00:14:58', '2024-05-05 00:14:58'),
(655, 1, '2024-08-08 16:00:00', '2024-08-08 18:00:00', 'Available', '2024-05-05 00:14:58', '2024-05-05 00:14:58'),
(656, 2, '2024-08-08 16:00:00', '2024-08-08 18:00:00', 'Available', '2024-05-05 00:14:58', '2024-05-05 00:14:58'),
(657, 1, '2024-08-09 09:00:00', '2024-08-09 12:00:00', 'Available', '2024-05-05 00:14:58', '2024-05-05 00:14:58'),
(658, 2, '2024-08-09 09:00:00', '2024-08-09 12:00:00', 'Available', '2024-05-05 00:14:58', '2024-05-05 00:14:58'),
(659, 1, '2024-08-09 12:00:00', '2024-08-09 16:00:00', 'Available', '2024-05-05 00:14:58', '2024-05-05 00:14:58'),
(660, 2, '2024-08-09 12:00:00', '2024-08-09 16:00:00', 'Available', '2024-05-05 00:14:58', '2024-05-05 00:14:58'),
(661, 1, '2024-08-09 16:00:00', '2024-08-09 18:00:00', 'Available', '2024-05-05 00:14:58', '2024-05-05 00:14:58'),
(662, 2, '2024-08-09 16:00:00', '2024-08-09 18:00:00', 'Available', '2024-05-05 00:14:58', '2024-05-05 00:14:58'),
(663, 1, '2024-08-10 09:00:00', '2024-08-10 12:00:00', 'Available', '2024-05-05 00:14:58', '2024-05-05 00:14:58'),
(664, 2, '2024-08-10 09:00:00', '2024-08-10 12:00:00', 'Available', '2024-05-05 00:14:58', '2024-05-05 00:14:58'),
(665, 1, '2024-08-10 12:00:00', '2024-08-10 16:00:00', 'Available', '2024-05-05 00:14:58', '2024-05-05 00:14:58'),
(666, 2, '2024-08-10 12:00:00', '2024-08-10 16:00:00', 'Available', '2024-05-05 00:14:58', '2024-05-05 00:14:58'),
(667, 1, '2024-08-10 16:00:00', '2024-08-10 18:00:00', 'Available', '2024-05-05 00:14:58', '2024-05-05 00:14:58'),
(668, 2, '2024-08-10 16:00:00', '2024-08-10 18:00:00', 'Available', '2024-05-05 00:14:58', '2024-05-05 00:14:58'),
(669, 3, '2024-08-10 17:00:00', '2024-08-10 19:00:00', 'Available', '2024-05-05 00:14:58', '2024-05-05 00:14:58'),
(670, 4, '2024-08-10 09:00:00', '2024-08-10 12:00:00', 'Available', '2024-05-05 00:14:58', '2024-05-05 00:14:58'),
(671, 1, '2024-08-11 09:00:00', '2024-08-11 12:00:00', 'Available', '2024-05-05 00:14:58', '2024-05-05 00:14:58'),
(672, 2, '2024-08-11 09:00:00', '2024-08-11 12:00:00', 'Available', '2024-05-05 00:14:58', '2024-05-05 00:14:58'),
(673, 1, '2024-08-11 12:00:00', '2024-08-11 16:00:00', 'Available', '2024-05-05 00:14:58', '2024-05-05 00:14:58'),
(674, 2, '2024-08-11 12:00:00', '2024-08-11 16:00:00', 'Available', '2024-05-05 00:14:58', '2024-05-05 00:14:58'),
(675, 1, '2024-08-11 16:00:00', '2024-08-11 18:00:00', 'Available', '2024-05-05 00:14:58', '2024-05-05 00:14:58'),
(676, 2, '2024-08-11 16:00:00', '2024-08-11 18:00:00', 'Available', '2024-05-05 00:14:58', '2024-05-05 00:14:58'),
(677, 3, '2024-08-11 17:00:00', '2024-08-11 19:00:00', 'Available', '2024-05-05 00:14:58', '2024-05-05 00:14:58'),
(678, 4, '2024-08-11 09:00:00', '2024-08-11 12:00:00', 'Available', '2024-05-05 00:14:58', '2024-05-05 00:14:58'),
(679, 1, '2024-08-12 09:00:00', '2024-08-12 12:00:00', 'Available', '2024-05-05 00:14:58', '2024-05-05 00:14:58'),
(680, 2, '2024-08-12 09:00:00', '2024-08-12 12:00:00', 'Available', '2024-05-05 00:14:58', '2024-05-05 00:14:58'),
(681, 1, '2024-08-12 12:00:00', '2024-08-12 16:00:00', 'Available', '2024-05-05 00:14:58', '2024-05-05 00:14:58'),
(682, 2, '2024-08-12 12:00:00', '2024-08-12 16:00:00', 'Available', '2024-05-05 00:14:58', '2024-05-05 00:14:58'),
(683, 1, '2024-08-12 16:00:00', '2024-08-12 18:00:00', 'Available', '2024-05-05 00:14:58', '2024-05-05 00:14:58'),
(684, 2, '2024-08-12 16:00:00', '2024-08-12 18:00:00', 'Available', '2024-05-05 00:14:58', '2024-05-05 00:14:58'),
(685, 1, '2024-08-13 09:00:00', '2024-08-13 12:00:00', 'Available', '2024-05-05 00:14:58', '2024-05-05 00:14:58'),
(686, 2, '2024-08-13 09:00:00', '2024-08-13 12:00:00', 'Available', '2024-05-05 00:14:58', '2024-05-05 00:14:58'),
(687, 1, '2024-08-13 12:00:00', '2024-08-13 16:00:00', 'Available', '2024-05-05 00:14:58', '2024-05-05 00:14:58'),
(688, 2, '2024-08-13 12:00:00', '2024-08-13 16:00:00', 'Available', '2024-05-05 00:14:58', '2024-05-05 00:14:58'),
(689, 1, '2024-08-13 16:00:00', '2024-08-13 18:00:00', 'Available', '2024-05-05 00:14:58', '2024-05-05 00:14:58'),
(690, 2, '2024-08-13 16:00:00', '2024-08-13 18:00:00', 'Available', '2024-05-05 00:14:58', '2024-05-05 00:14:58'),
(691, 1, '2024-08-14 09:00:00', '2024-08-14 12:00:00', 'Available', '2024-05-05 00:14:58', '2024-05-05 00:14:58'),
(692, 2, '2024-08-14 09:00:00', '2024-08-14 12:00:00', 'Available', '2024-05-05 00:14:58', '2024-05-05 00:14:58'),
(693, 1, '2024-08-14 12:00:00', '2024-08-14 16:00:00', 'Available', '2024-05-05 00:14:58', '2024-05-05 00:14:58'),
(694, 2, '2024-08-14 12:00:00', '2024-08-14 16:00:00', 'Available', '2024-05-05 00:14:58', '2024-05-05 00:14:58'),
(695, 1, '2024-08-14 16:00:00', '2024-08-14 18:00:00', 'Available', '2024-05-05 00:14:58', '2024-05-05 00:14:58'),
(696, 2, '2024-08-14 16:00:00', '2024-08-14 18:00:00', 'Available', '2024-05-05 00:14:58', '2024-05-05 00:14:58'),
(697, 1, '2024-08-15 09:00:00', '2024-08-15 12:00:00', 'Available', '2024-05-05 00:14:58', '2024-05-05 00:14:58'),
(698, 2, '2024-08-15 09:00:00', '2024-08-15 12:00:00', 'Available', '2024-05-05 00:14:58', '2024-05-05 00:14:58'),
(699, 1, '2024-08-15 12:00:00', '2024-08-15 16:00:00', 'Available', '2024-05-05 00:14:58', '2024-05-05 00:14:58'),
(700, 2, '2024-08-15 12:00:00', '2024-08-15 16:00:00', 'Available', '2024-05-05 00:14:58', '2024-05-05 00:14:58'),
(701, 1, '2024-08-15 16:00:00', '2024-08-15 18:00:00', 'Available', '2024-05-05 00:14:58', '2024-05-05 00:14:58'),
(702, 2, '2024-08-15 16:00:00', '2024-08-15 18:00:00', 'Available', '2024-05-05 00:14:58', '2024-05-05 00:14:58'),
(703, 1, '2024-08-16 09:00:00', '2024-08-16 12:00:00', 'Available', '2024-05-05 00:14:58', '2024-05-05 00:14:58'),
(704, 2, '2024-08-16 09:00:00', '2024-08-16 12:00:00', 'Available', '2024-05-05 00:14:58', '2024-05-05 00:14:58'),
(705, 1, '2024-08-16 12:00:00', '2024-08-16 16:00:00', 'Available', '2024-05-05 00:14:58', '2024-05-05 00:14:58'),
(706, 2, '2024-08-16 12:00:00', '2024-08-16 16:00:00', 'Available', '2024-05-05 00:14:58', '2024-05-05 00:14:58'),
(707, 1, '2024-08-16 16:00:00', '2024-08-16 18:00:00', 'Available', '2024-05-05 00:14:58', '2024-05-05 00:14:58'),
(708, 2, '2024-08-16 16:00:00', '2024-08-16 18:00:00', 'Available', '2024-05-05 00:14:58', '2024-05-05 00:14:58'),
(709, 1, '2024-08-17 09:00:00', '2024-08-17 12:00:00', 'Available', '2024-05-05 00:14:58', '2024-05-05 00:14:58'),
(710, 2, '2024-08-17 09:00:00', '2024-08-17 12:00:00', 'Available', '2024-05-05 00:14:58', '2024-05-05 00:14:58'),
(711, 1, '2024-08-17 12:00:00', '2024-08-17 16:00:00', 'Available', '2024-05-05 00:14:58', '2024-05-05 00:14:58'),
(712, 2, '2024-08-17 12:00:00', '2024-08-17 16:00:00', 'Available', '2024-05-05 00:14:58', '2024-05-05 00:14:58'),
(713, 1, '2024-08-17 16:00:00', '2024-08-17 18:00:00', 'Available', '2024-05-05 00:14:58', '2024-05-05 00:14:58'),
(714, 2, '2024-08-17 16:00:00', '2024-08-17 18:00:00', 'Available', '2024-05-05 00:14:58', '2024-05-05 00:14:58'),
(715, 3, '2024-08-17 17:00:00', '2024-08-17 19:00:00', 'Available', '2024-05-05 00:14:58', '2024-05-05 00:14:58'),
(716, 4, '2024-08-17 09:00:00', '2024-08-17 12:00:00', 'Available', '2024-05-05 00:14:58', '2024-05-05 00:14:58'),
(717, 1, '2024-08-18 09:00:00', '2024-08-18 12:00:00', 'Available', '2024-05-05 00:14:58', '2024-05-05 00:14:58'),
(718, 2, '2024-08-18 09:00:00', '2024-08-18 12:00:00', 'Available', '2024-05-05 00:14:58', '2024-05-05 00:14:58'),
(719, 1, '2024-08-18 12:00:00', '2024-08-18 16:00:00', 'Available', '2024-05-05 00:14:58', '2024-05-05 00:14:58'),
(720, 2, '2024-08-18 12:00:00', '2024-08-18 16:00:00', 'Available', '2024-05-05 00:14:58', '2024-05-05 00:14:58'),
(721, 1, '2024-08-18 16:00:00', '2024-08-18 18:00:00', 'Available', '2024-05-05 00:14:58', '2024-05-05 00:14:58'),
(722, 2, '2024-08-18 16:00:00', '2024-08-18 18:00:00', 'Available', '2024-05-05 00:14:58', '2024-05-05 00:14:58'),
(723, 3, '2024-08-18 17:00:00', '2024-08-18 19:00:00', 'Available', '2024-05-05 00:14:58', '2024-05-05 00:14:58'),
(724, 4, '2024-08-18 09:00:00', '2024-08-18 12:00:00', 'Available', '2024-05-05 00:14:58', '2024-05-05 00:14:58'),
(725, 1, '2024-08-19 09:00:00', '2024-08-19 12:00:00', 'Available', '2024-05-05 00:14:58', '2024-05-05 00:14:58'),
(726, 2, '2024-08-19 09:00:00', '2024-08-19 12:00:00', 'Available', '2024-05-05 00:14:58', '2024-05-05 00:14:58'),
(727, 1, '2024-08-19 12:00:00', '2024-08-19 16:00:00', 'Available', '2024-05-05 00:14:58', '2024-05-05 00:14:58'),
(728, 2, '2024-08-19 12:00:00', '2024-08-19 16:00:00', 'Available', '2024-05-05 00:14:58', '2024-05-05 00:14:58'),
(729, 1, '2024-08-19 16:00:00', '2024-08-19 18:00:00', 'Available', '2024-05-05 00:14:58', '2024-05-05 00:14:58'),
(730, 2, '2024-08-19 16:00:00', '2024-08-19 18:00:00', 'Available', '2024-05-05 00:14:58', '2024-05-05 00:14:58'),
(731, 1, '2024-08-20 09:00:00', '2024-08-20 12:00:00', 'Available', '2024-05-05 00:14:58', '2024-05-05 00:14:58'),
(732, 2, '2024-08-20 09:00:00', '2024-08-20 12:00:00', 'Available', '2024-05-05 00:14:58', '2024-05-05 00:14:58'),
(733, 1, '2024-08-20 12:00:00', '2024-08-20 16:00:00', 'Available', '2024-05-05 00:14:58', '2024-05-05 00:14:58'),
(734, 2, '2024-08-20 12:00:00', '2024-08-20 16:00:00', 'Available', '2024-05-05 00:14:58', '2024-05-05 00:14:58'),
(735, 1, '2024-08-20 16:00:00', '2024-08-20 18:00:00', 'Available', '2024-05-05 00:14:58', '2024-05-05 00:14:58'),
(736, 2, '2024-08-20 16:00:00', '2024-08-20 18:00:00', 'Available', '2024-05-05 00:14:58', '2024-05-05 00:14:58'),
(737, 1, '2024-08-21 09:00:00', '2024-08-21 12:00:00', 'Available', '2024-05-05 00:14:58', '2024-05-05 00:14:58'),
(738, 2, '2024-08-21 09:00:00', '2024-08-21 12:00:00', 'Available', '2024-05-05 00:14:58', '2024-05-05 00:14:58'),
(739, 1, '2024-08-21 12:00:00', '2024-08-21 16:00:00', 'Available', '2024-05-05 00:14:58', '2024-05-05 00:14:58'),
(740, 2, '2024-08-21 12:00:00', '2024-08-21 16:00:00', 'Available', '2024-05-05 00:14:58', '2024-05-05 00:14:58'),
(741, 1, '2024-08-21 16:00:00', '2024-08-21 18:00:00', 'Available', '2024-05-05 00:14:58', '2024-05-05 00:14:58'),
(742, 2, '2024-08-21 16:00:00', '2024-08-21 18:00:00', 'Available', '2024-05-05 00:14:58', '2024-05-05 00:14:58'),
(743, 1, '2024-08-22 09:00:00', '2024-08-22 12:00:00', 'Available', '2024-05-05 00:14:58', '2024-05-05 00:14:58'),
(744, 2, '2024-08-22 09:00:00', '2024-08-22 12:00:00', 'Available', '2024-05-05 00:14:58', '2024-05-05 00:14:58'),
(745, 1, '2024-08-22 12:00:00', '2024-08-22 16:00:00', 'Available', '2024-05-05 00:14:58', '2024-05-05 00:14:58'),
(746, 2, '2024-08-22 12:00:00', '2024-08-22 16:00:00', 'Available', '2024-05-05 00:14:58', '2024-05-05 00:14:58'),
(747, 1, '2024-08-22 16:00:00', '2024-08-22 18:00:00', 'Available', '2024-05-05 00:14:58', '2024-05-05 00:14:58'),
(748, 2, '2024-08-22 16:00:00', '2024-08-22 18:00:00', 'Available', '2024-05-05 00:14:58', '2024-05-05 00:14:58'),
(749, 1, '2024-08-23 09:00:00', '2024-08-23 12:00:00', 'Available', '2024-05-05 00:14:58', '2024-05-05 00:14:58'),
(750, 2, '2024-08-23 09:00:00', '2024-08-23 12:00:00', 'Available', '2024-05-05 00:14:58', '2024-05-05 00:14:58'),
(751, 1, '2024-08-23 12:00:00', '2024-08-23 16:00:00', 'Available', '2024-05-05 00:14:58', '2024-05-05 00:14:58'),
(752, 2, '2024-08-23 12:00:00', '2024-08-23 16:00:00', 'Available', '2024-05-05 00:14:58', '2024-05-05 00:14:58'),
(753, 1, '2024-08-23 16:00:00', '2024-08-23 18:00:00', 'Available', '2024-05-05 00:14:58', '2024-05-05 00:14:58'),
(754, 2, '2024-08-23 16:00:00', '2024-08-23 18:00:00', 'Available', '2024-05-05 00:14:58', '2024-05-05 00:14:58'),
(755, 1, '2024-08-24 09:00:00', '2024-08-24 12:00:00', 'Available', '2024-05-05 00:14:58', '2024-05-05 00:14:58'),
(756, 2, '2024-08-24 09:00:00', '2024-08-24 12:00:00', 'Available', '2024-05-05 00:14:58', '2024-05-05 00:14:58'),
(757, 1, '2024-08-24 12:00:00', '2024-08-24 16:00:00', 'Available', '2024-05-05 00:14:58', '2024-05-05 00:14:58'),
(758, 2, '2024-08-24 12:00:00', '2024-08-24 16:00:00', 'Available', '2024-05-05 00:14:58', '2024-05-05 00:14:58'),
(759, 1, '2024-08-24 16:00:00', '2024-08-24 18:00:00', 'Available', '2024-05-05 00:14:58', '2024-05-05 00:14:58'),
(760, 2, '2024-08-24 16:00:00', '2024-08-24 18:00:00', 'Available', '2024-05-05 00:14:58', '2024-05-05 00:14:58'),
(761, 3, '2024-08-24 17:00:00', '2024-08-24 19:00:00', 'Available', '2024-05-05 00:14:58', '2024-05-05 00:14:58'),
(762, 4, '2024-08-24 09:00:00', '2024-08-24 12:00:00', 'Available', '2024-05-05 00:14:58', '2024-05-05 00:14:58'),
(763, 1, '2024-08-25 09:00:00', '2024-08-25 12:00:00', 'Available', '2024-05-05 00:14:58', '2024-05-05 00:14:58'),
(764, 2, '2024-08-25 09:00:00', '2024-08-25 12:00:00', 'Available', '2024-05-05 00:14:58', '2024-05-05 00:14:58'),
(765, 1, '2024-08-25 12:00:00', '2024-08-25 16:00:00', 'Available', '2024-05-05 00:14:58', '2024-05-05 00:14:58'),
(766, 2, '2024-08-25 12:00:00', '2024-08-25 16:00:00', 'Available', '2024-05-05 00:14:58', '2024-05-05 00:14:58'),
(767, 1, '2024-08-25 16:00:00', '2024-08-25 18:00:00', 'Available', '2024-05-05 00:14:58', '2024-05-05 00:14:58'),
(768, 2, '2024-08-25 16:00:00', '2024-08-25 18:00:00', 'Available', '2024-05-05 00:14:58', '2024-05-05 00:14:58'),
(769, 3, '2024-08-25 17:00:00', '2024-08-25 19:00:00', 'Available', '2024-05-05 00:14:58', '2024-05-05 00:14:58'),
(770, 4, '2024-08-25 09:00:00', '2024-08-25 12:00:00', 'Available', '2024-05-05 00:14:58', '2024-05-05 00:14:58'),
(771, 1, '2024-08-26 09:00:00', '2024-08-26 12:00:00', 'Available', '2024-05-05 00:14:58', '2024-05-05 00:14:58'),
(772, 2, '2024-08-26 09:00:00', '2024-08-26 12:00:00', 'Available', '2024-05-05 00:14:58', '2024-05-05 00:14:58'),
(773, 1, '2024-08-26 12:00:00', '2024-08-26 16:00:00', 'Available', '2024-05-05 00:14:58', '2024-05-05 00:14:58'),
(774, 2, '2024-08-26 12:00:00', '2024-08-26 16:00:00', 'Available', '2024-05-05 00:14:58', '2024-05-05 00:14:58'),
(775, 1, '2024-08-26 16:00:00', '2024-08-26 18:00:00', 'Available', '2024-05-05 00:14:58', '2024-05-05 00:14:58'),
(776, 2, '2024-08-26 16:00:00', '2024-08-26 18:00:00', 'Available', '2024-05-05 00:14:58', '2024-05-05 00:14:58'),
(777, 1, '2024-08-27 09:00:00', '2024-08-27 12:00:00', 'Available', '2024-05-05 00:14:58', '2024-05-05 00:14:58'),
(778, 2, '2024-08-27 09:00:00', '2024-08-27 12:00:00', 'Available', '2024-05-05 00:14:58', '2024-05-05 00:14:58'),
(779, 1, '2024-08-27 12:00:00', '2024-08-27 16:00:00', 'Available', '2024-05-05 00:14:58', '2024-05-05 00:14:58'),
(780, 2, '2024-08-27 12:00:00', '2024-08-27 16:00:00', 'Available', '2024-05-05 00:14:58', '2024-05-05 00:14:58'),
(781, 1, '2024-08-27 16:00:00', '2024-08-27 18:00:00', 'Available', '2024-05-05 00:14:58', '2024-05-05 00:14:58'),
(782, 2, '2024-08-27 16:00:00', '2024-08-27 18:00:00', 'Available', '2024-05-05 00:14:58', '2024-05-05 00:14:58'),
(783, 1, '2024-08-28 09:00:00', '2024-08-28 12:00:00', 'Available', '2024-05-05 00:14:58', '2024-05-05 00:14:58'),
(784, 2, '2024-08-28 09:00:00', '2024-08-28 12:00:00', 'Available', '2024-05-05 00:14:58', '2024-05-05 00:14:58'),
(785, 1, '2024-08-28 12:00:00', '2024-08-28 16:00:00', 'Available', '2024-05-05 00:14:58', '2024-05-05 00:14:58'),
(786, 2, '2024-08-28 12:00:00', '2024-08-28 16:00:00', 'Available', '2024-05-05 00:14:58', '2024-05-05 00:14:58'),
(787, 1, '2024-08-28 16:00:00', '2024-08-28 18:00:00', 'Available', '2024-05-05 00:14:58', '2024-05-05 00:14:58'),
(788, 2, '2024-08-28 16:00:00', '2024-08-28 18:00:00', 'Available', '2024-05-05 00:14:58', '2024-05-05 00:14:58'),
(789, 1, '2024-08-29 09:00:00', '2024-08-29 12:00:00', 'Available', '2024-05-05 00:14:58', '2024-05-05 00:14:58'),
(790, 2, '2024-08-29 09:00:00', '2024-08-29 12:00:00', 'Available', '2024-05-05 00:14:58', '2024-05-05 00:14:58'),
(791, 1, '2024-08-29 12:00:00', '2024-08-29 16:00:00', 'Available', '2024-05-05 00:14:58', '2024-05-05 00:14:58'),
(792, 2, '2024-08-29 12:00:00', '2024-08-29 16:00:00', 'Available', '2024-05-05 00:14:58', '2024-05-05 00:14:58'),
(793, 1, '2024-08-29 16:00:00', '2024-08-29 18:00:00', 'Available', '2024-05-05 00:14:58', '2024-05-05 00:14:58'),
(794, 2, '2024-08-29 16:00:00', '2024-08-29 18:00:00', 'Available', '2024-05-05 00:14:58', '2024-05-05 00:14:58'),
(795, 1, '2024-08-30 09:00:00', '2024-08-30 12:00:00', 'Available', '2024-05-05 00:14:58', '2024-05-05 00:14:58'),
(796, 2, '2024-08-30 09:00:00', '2024-08-30 12:00:00', 'Available', '2024-05-05 00:14:58', '2024-05-05 00:14:58'),
(797, 1, '2024-08-30 12:00:00', '2024-08-30 16:00:00', 'Available', '2024-05-05 00:14:58', '2024-05-05 00:14:58'),
(798, 2, '2024-08-30 12:00:00', '2024-08-30 16:00:00', 'Available', '2024-05-05 00:14:58', '2024-05-05 00:14:58'),
(799, 1, '2024-08-30 16:00:00', '2024-08-30 18:00:00', 'Available', '2024-05-05 00:14:58', '2024-05-05 00:14:58'),
(800, 2, '2024-08-30 16:00:00', '2024-08-30 18:00:00', 'Available', '2024-05-05 00:14:58', '2024-05-05 00:14:58'),
(801, 1, '2024-08-31 09:00:00', '2024-08-31 12:00:00', 'Available', '2024-05-05 00:14:58', '2024-05-05 00:14:58'),
(802, 2, '2024-08-31 09:00:00', '2024-08-31 12:00:00', 'Available', '2024-05-05 00:14:58', '2024-05-05 00:14:58'),
(803, 1, '2024-08-31 12:00:00', '2024-08-31 16:00:00', 'Available', '2024-05-05 00:14:58', '2024-05-05 00:14:58'),
(804, 2, '2024-08-31 12:00:00', '2024-08-31 16:00:00', 'Available', '2024-05-05 00:14:58', '2024-05-05 00:14:58'),
(805, 1, '2024-08-31 16:00:00', '2024-08-31 18:00:00', 'Available', '2024-05-05 00:14:58', '2024-05-05 00:14:58'),
(806, 2, '2024-08-31 16:00:00', '2024-08-31 18:00:00', 'Available', '2024-05-05 00:14:58', '2024-05-05 00:14:58'),
(807, 3, '2024-08-31 17:00:00', '2024-08-31 19:00:00', 'Available', '2024-05-05 00:14:58', '2024-05-05 00:14:58'),
(808, 4, '2024-08-31 09:00:00', '2024-08-31 12:00:00', 'Available', '2024-05-05 00:14:58', '2024-05-05 00:14:58');

-- 
-- Dumping data for table types
--
INSERT INTO types VALUES
(1, 'Аренда сапа без инструктора'),
(2, 'Аренда сапа с инструктором'),
(3, 'Групповая прогулка'),
(4, 'Сплав');

-- 
-- Dumping data for table promotions
--
INSERT INTO promotions VALUES
(1, 'Скидка для студентов', '2024-06-03', '2024-06-28', 'Скидка студентам 10% на все виды услуг при предъявлении студенческого'),
(2, 'Счастливые часы', '2024-06-03', '2024-06-28', 'Скидка в будние дни 20%\t');

-- 
-- Dumping data for table users
--
INSERT INTO users VALUES
(1, 'test2', '9f86d081884c7d659a2feaa0c55ad015a3bf4f1b2b0b822cd15d6c15b0f00a08', '2024-05-04 17:51:48');

-- 
-- Dumping data for table reviews
--
INSERT INTO reviews VALUES
(1, 1, 3, 5, 'Все понравилось', '2024-05-23 03:08:47', '', 'На рассмотрении'),
(2, 1, 4, 3, 'Не очень, ставлю 3', '2024-05-23 03:12:27', '', 'На рассмотрении'),
(3, 2, 2, 5, 'Последний, тестовый, с адресом', '2024-05-23 03:14:32', '::1', 'Одобрено'),
(4, 1, 1, 4, 'Крутой чувак', '2024-06-05 15:03:36', '::1', 'Одобрено'),
(5, 1, 1, 5, 'Все круто', '2024-06-10 07:09:01', '::1', 'На рассмотрении');

-- 
-- Dumping data for table registration
--
INSERT INTO registration VALUES
(5, 'Не звонили', 'Никита', '+79999999999', 'ewdw', 80, '2024-05-24 21:24:33'),
(6, 'Новая', 'dwdw', '+72312132131', '312312312', 231, '2024-06-05 15:00:30');

-- 
-- Dumping data for table instructors_types
--
INSERT INTO instructors_types VALUES
(1, 2),
(1, 3),
(1, 4);

-- 
-- Dumping data for table employees_responsible_for_promotions
--
INSERT INTO employees_responsible_for_promotions VALUES
(1, 1),
(2, 1);

--
-- Set default database
--
USE supsurf;

--
-- Drop trigger `after_employee_delete`
--
DROP TRIGGER IF EXISTS after_employee_delete;

--
-- Drop trigger `after_employee_insert`
--
DROP TRIGGER IF EXISTS after_employee_insert;

--
-- Drop trigger `after_employee_update`
--
DROP TRIGGER IF EXISTS after_employee_update;

--
-- Set default database
--
USE supsurf;

DELIMITER $$

--
-- Create trigger `after_employee_update`
--
CREATE
DEFINER = 'root'@'localhost'
TRIGGER after_employee_update
AFTER UPDATE
ON employees
FOR EACH ROW
BEGIN
  IF NEW.position = 'Инструктор' THEN
    INSERT INTO supsurf.instructors (id, name, start_date)
      VALUES (NEW.id, NEW.name, NEW.hire_date)
    ON DUPLICATE KEY UPDATE name = NEW.name, start_date = NEW.hire_date;
  ELSE
    DELETE
      FROM supsurf.instructors
    WHERE id = NEW.id;
  END IF;
END
$$

--
-- Create trigger `after_employee_insert`
--
CREATE
DEFINER = 'root'@'localhost'
TRIGGER after_employee_insert
AFTER INSERT
ON employees
FOR EACH ROW
BEGIN
  IF NEW.position = 'Инструктор' THEN
    INSERT INTO supsurf.instructors (id, name, start_date)
      VALUES (NEW.id, NEW.name, NEW.hire_date);
  END IF;
END
$$

--
-- Create trigger `after_employee_delete`
--
CREATE
DEFINER = 'root'@'localhost'
TRIGGER after_employee_delete
AFTER DELETE
ON employees
FOR EACH ROW
BEGIN
  DELETE
    FROM supsurf.instructors
  WHERE id = OLD.id;
END
$$

DELIMITER ;

-- 
-- Restore previous SQL mode
-- 
/*!40101 SET SQL_MODE=@OLD_SQL_MODE */;

-- 
-- Enable foreign keys
-- 
/*!40014 SET FOREIGN_KEY_CHECKS = @OLD_FOREIGN_KEY_CHECKS */;